:020000040800F2
:10000000600B0020A50100085D220008631A0008AB
:1000100059220008710B0008CF31000800000000D1
:100020000000000000000000000000005F27000842
:10003000110D000800000000F1220008752A0008D8
:10004000BF010008BF010008BF010008BF01000890
:10005000BF010008BF010008BF010008BF01000880
:10006000BF010008BF010008BF010008BF01000870
:10007000BF010008BF010008BF010008BF01000860
:10008000BF010008BF010008BF010008BF01000850
:10009000BF010008BF010008BF010008BF01000840
:1000A000BF010008BF010008BF010008BF01000830
:1000B000D92A0008852B0008BF010008BF010008ED
:1000C000BF010008BF010008BF010008BF01000810
:1000D000BF010008F12D0008BF0100083D2E0008F7
:1000E000BF010008BF010008BF01000800F002F8CE
:1000F00000F048F80AA090E8000C82448344AAF17A
:100100000107DA4501D100F03DF8AFF2090EBAE877
:100110000F0013F0010F18BFFB1A43F0010318473B
:1001200020A4000040A40000103A24BF78C878C181
:10013000FAD8520724BF30C830C144BF04680C60ED
:10014000704700000023002400250026103A28BF35
:1001500078C1FBD8520728BF30C148BF0B60704739
:10016000642900F07D80002070471FB500F060FB1F
:1001700004000020002105F0B5FA401C60601FBD9E
:1001800010B510BD00F02FFB1146FFF7EEFF04F095
:10019000BDFA00F05FFB03B4FFF7F2FF03BC03F00E
:1001A000E2FB00000948804709480047FEE7FEE7F8
:1001B000FEE7FEE7FEE7FEE7FEE7FEE7FEE7FEE717
:1001C00004480549054A064B70470000792A000893
:1001D000ED00000860050020600B00206007002093
:1001E00060070020704700000FB41CB5074B06AA3B
:1001F0007B4469460090059800F023FA0020694688
:1002000000F032FA1CBC5DF814FB0000750400001D
:1002100070B5044685690068C10601D5302600E046
:100220002026C00707D070BDD4E901213046904791
:10023000206A401C20626D1EF6D570BD70B5044664
:1002400085690078C00707D170BDD4E9012120205D
:100250009047206A401C20626D1EF6D570BD0000DC
:100260002DE9F0410646002410687529314616A58F
:1002700010D0AFF30080002802DA404213A507E057
:1002800031688A0701D512A502E0490704D511A5F6
:10029000012401E0AFF3008000210A2206F12407C7
:1002A00009E0B0FBF2FCB0FBF2F302FB1C003030C3
:1002B00078541846491C0028F3D123462A46304674
:1002C000BDE8F04100F05FB9000000002D00000023
:1002D0002B000000200000002DE9F05F8946044655
:1002E0004FF0000ADFF824B1FB44C0F820A02046FC
:1002F000E168884700287DD0252806D0D4E901216F
:100300009047206A401C2062F1E700255F462046A6
:10031000E16888472028064607DB312E05D2B81948
:1003200010F8200C08B10543F1E7A80701D525F026
:100330000405C4F81CA00027C4F818A02A2E09D070
:10034000304603F009FB38B304EB8708303EC8F8A9
:10035000186019E059F8041B204604EB87029161EC
:10036000E1688847012F064618D1E069002820DAA5
:1003700025F020051DE0D8F8180000EB800006EB02
:1003800040003038C8F818002046E1688847064623
:1003900003F0E2FA0028EED1012F0AD02E2E08D168
:1003A0002046E16888477F1C0646022F45F020055D
:1003B000C4DBA069002803DA404245F00105A061D2
:1003C000E80701D025F01005A6B1A6F141001928D3
:1003D00002D8203645F400654A463146204625605D
:1003E0004D46FFF7BDFE60B1012807D0ED1D25F099
:1003F000070000E007E000F1080978E705F10409CB
:1004000075E730467AE7206ABDE8F09F6CA10000EE
:1004100070B5064600F0A8F80468054630460A2282
:10042000002100F026F92C6070BD401ECAB210F801
:10043000011F8A4202D00029F9D10020704730B54F
:1004400005460B462A4613F8014B12F8010B08B17A
:10045000A042F8D01CB1002802D06D1CF1E728465C
:1004600030BD10B5431C02E010F8011B71B18107CB
:10047000FAD14FF0013202C88C1A8C4314EAC2112F
:10048000F9D0C01A0A0603D0C01E10BDC01A10BD94
:100490000A0401D0801E10BD0902FCD0401E10BD10
:1004A000421E12F8013F002BFBD111F8013B002B3B
:1004B00002F8013BF9D1704710B5203AC0F00B802B
:1004C000B1E81850203AA0E81850B1E81850A0E858
:1004D0001850BFF4F5AF5FEA027C24BFB1E81850B2
:1004E000A0E8185044BF18C918C0BDE810405FEA22
:1004F000827C24BF51F8043B40F8043B08BF70479E
:10050000D20728BF31F8023B48BF11F8012B28BFA2
:1005100020F8023B48BF00F8012B70474FF0000263
:100520000429C0F0128010F0030C00F0DC80CCF144
:10053000040CBCF1020F18BF00F8012BA8BF20F873
:10054000022BA1EB0C0100F0CEB85FEAC17C24BF06
:1005500000F8012B00F8012B48BF00F8012B704771
:10056000704770477047704700487047FC04002090
:1005700010B5FFF7F9FF006810BD10B50446FFF78E
:10058000F3FF046010BD2DE9F0470D4699469246F1
:10059000044600F124080168880604D5E06921F0CA
:1005A0001001216000E00120A84201DD471B00E0AE
:1005B0000027A1697A1902EB0900081AA0612078C6
:1005C000C00602D42046FFF723FE002608E0D4E947
:1005D00001211AF806009047206A401C761C206210
:1005E0004E45F4DB2078C0060AD52046FFF710FE02
:1005F00006E0D4E9012130209047206A401C2062A7
:10060000381EA7F10107F4DC07E0D4E9012118F84E
:1006100005009047206A401C2062281EA5F10105B4
:10062000F3DC2046FFF70AFE2078000602D5022000
:10063000BDE8F0870120FBE701694A1C02610878E8
:10064000704700B58FB0CDE9013100210591054912
:100650007944CDE9031011466846FFF73DFE0FB01F
:1006600000BD0000E5FFFFFF0A6802F8010B0A6009
:1006700070472DE9F04791460F4680460446002614
:1006800014F8015B2DB100F057F80068405DC00719
:10069000F6D12B2D02D02D2D18D0641E4A46394696
:1006A000204600F051F827B13968A14201D1C7F8BE
:1006B00000804FF0020471050BD54042002803DD95
:1006C000FFF752FF0460A007BDE8F08746F480669C
:1006D000E4E70028F8DAFFF747FF04606FF0004016
:1006E000F2E74FF0000200B51346944696462039D3
:1006F00022BFA0E80C50A0E80C50B1F12001BFF4DB
:10070000F7AF090728BFA0E80C5048BF0CC05DF840
:1007100004EB890028BF40F8042B08BF704748BF8E
:1007200020F8022B11F0804F18BF00F8012B704702
:1007300000487047FC04002010B500F079F8001D57
:1007400010BD00BFA14F00002DE9F05F82461546A5
:100750008B4600270AF10104B9460078302801D001
:100760009DB113E014F8010B0127782803D0582815
:1007700001D045B10AE00DB1102D07D1002714F8C2
:10078000010B102502E0082500E00A250026B046EE
:100790000EE005FB080005FB06F101271FFA80F8B3
:1007A00001EB1046B6F5803F00D3B94614F8010BB3
:1007B000294600F041F80028EBDABBF1000F05D024
:1007C0000FB1641E00E05446CBF80040B9F1000FB1
:1007D00006D0FFF7C9FE02210160C81EBDE8F09FE8
:1007E00048EA0640FAE77546FFF7A2FFAE46050065
:1007F0006946534620F00700854618B020B5FFF73C
:10080000DFFCBDE820404FF000064FF000074FF03E
:1008100000084FF0000B21F00701AC46ACE8C0091E
:10082000ACE8C009ACE8C009ACE8C0098D46704727
:10083000004870471C0500203A2800D2303820F0CC
:100840002002412A01D3A2F13700884201D34FF0A0
:10085000FF3070470446AFF300802046FFF79BFC53
:100860004FF0013C50F8042B51F8043B9A4221D13F
:10087000A2EB0C03934313EACC1317D150F8042BCB
:1008800051F8043B9A4215D1A2EB0C03934313EAAF
:10089000CC130BD150F8042B51F8043B9A4209D1E8
:1008A000A2EB0C03934313EACC13DBD04FF0000010
:1008B000704700BFD01A01BAB1FA81F101F01801F6
:1008C00022FA01F0CB40C1F12001DBB2C0B2C01A64
:1008D0002CFA01F3D11A914311EAC311E6D1704702
:1008E00021B1826842F00102826003E0826822F056
:1008F000010282607047000010B50446124884422D
:1009000008D10121401501F031FD0021601501F0F1
:100910002DFD17E00D48844208D10121001501F09A
:1009200025FD0021201501F021FD0BE0084884423F
:1009300008D10121C80301F019FD00214FF4004046
:1009400001F014FD10BD000000240140002801400A
:10095000003C0140014600208A6802F004020AB10E
:10096000012000E0002070470146C86C80B270474B
:100970000246002013680B400BB1012000E000206C
:100980007047014600208A6802F008020AB101207F
:1009900000E000207047000030B502460020002330
:1009A00050680F4C20400D790C6844EA0524204320
:1009B000506090680B4C2040D1E902542C434D7993
:1009C00044EA450420439060D06A20F470000C7C17
:1009D000641EE4B2234340EA0350D06230BD0000FD
:1009E000FFFEF0FFFDF7F1FFF0B504460D460020D5
:1009F0000021092D11DDE068A5F10A0606EB460786
:100A0000072606FA07F18843A5F10A0606EB460613
:100A100003FA06F10843E0600CE0206905EB4507A6
:100A2000072606FA07F1884305EB450603FA06F1A7
:100A300008432061072A0FDA606B561E06EB860713
:100A40001F2606FA07F18843561E06EB860605FAAE
:100A500006F10843606322E00D2A0FDA206BD61FEF
:100A600006EB86071F2606FA07F18843D61F06EB1A
:100A7000860605FA06F10843206310E0E06AA2F159
:100A80000D0606EB86071F2606FA07F18843A2F13A
:100A90000D0606EB860605FA06F10843E062F0BD96
:100AA000816841F008018160704721B1826842F499
:100AB000A002826003E0826822F4A0028260704794
:100AC000816841F0040181607047000000B587B083
:100AD00001214FF4037001F039FC4FF4004001F0A4
:100AE00009FC0220ADF8040000208DF8070001A9E0
:100AF0001C4800F06AFC0120ADF8040000208DF8CD
:100B0000070001A9184800F060FC1848FFF7F4FE40
:100B1000002002908DF80C008DF80D004FF460203D
:100B200004900020059001208DF8180002A90F48BC
:100B3000FFF732FF01210D48FFF7D2FE0B48FFF708
:100B4000AFFF00BF0948FFF71CFF0028FAD1074894
:100B5000FFF7B6FF00BF0548FFF7FCFE0028FAD1FB
:100B600007B000BD000C0140000801400024014016
:100B700000BFFEE708B52020ADF8000048208DF842
:100B800003006946014800F020FC08BD000C01404C
:100B900008B52020ADF8000010208DF803000320D8
:100BA0008DF802006946024800F00FFC08BD000005
:100BB000000C014010B50024FFF7EAFF20211E4879
:100BC00000F0DFFC142002F0F3FE20211A4800F0B0
:100BD000DAFC322002F034FFFFF7CCFF2021164868
:100BE00000F0C6FC30BB02E0012002F029FF20210A
:100BF000114800F0BDFC20B92046611CCCB2502841
:100C0000F2DB502C01DB012010BD002402E00120AA
:100C100002F016FF2021084800F0AAFC20B120466F
:100C2000611CCCB25028F2DB502C01DB0120EBE739
:100C30000020E9E70120E7E7000C01402DE9F04141
:100C400000240027002500262FE0002402E00120D8
:100C500002F0F6FE2021184800F08AFC20B9204658
:100C6000611CCCB25028F2DB0024282002F0E8FE00
:100C700000272021104800F07BFC00B1012702E092
:100C8000012002F0DDFE20210B4800F071FC20B1B4
:100C90002046611CCCB29628F2DB962C00DB06E0E5
:100CA0006806050E3D43701CC6B2082ECDDB00BFA2
:100CB0002846BDE8F0810000000C01407CB50546E7
:100CC0000E46FFF777FFF8B9002405E0FFF7B6FFFF
:100CD0000DF80400601CC4B2052CF7DB9DF8000081
:100CE0009DF8011008449DF8021008449DF8031077
:100CF00008449DF80410884208D19DF80000307027
:100D00009DF80200287001E001207CBD0020FCE776
:100D1000704700001CB54FF6FF7001F033F84CF23D
:100D2000B0006223A02200210090084600F0EAFEF5
:100D30004FF6FF7060235E2203210090084600F00A
:100D4000E1FE4FF6FF7060239C2203210090642097
:100D500000F0D8FE44F6C01072234B2264210090AC
:100D6000332000F0CFFE44F6C01080234B227021C8
:100D70000090332000F0C6FE03F09EFB9F481E2328
:100D80001A4603210090022000F09EFF9C481E237B
:100D90001A461F210090022000F096FF9948212357
:100DA0001A463E210090022000F08EFF96482A232A
:100DB0001A46032100906A2000F086FF93481E2304
:100DC0001A4664210090002000F07EFF90A04FF6AC
:100DD000FF7344F208220C210090222000F038FC1E
:100DE0008DA04FF6FF7344F20822282100902220A4
:100DF00000F02EFC8AA04FF6FF7344F208223D213A
:100E00000090262000F024FC4CF2B00071236622F2
:100E1000642100904E2000F075FE4CF2B00080235B
:100E20006622732100904E2000F06CFE4CF2B00060
:100E30007123902264210090782000F063FE4CF230
:100E4000B0008023902273210090782000F05AFE99
:100E50004CF2B0006423752219460090662000F021
:100E600093FD4CF2B000712375226421009010466E
:100E700000F08AFD4CF2B0007123752219460090F3
:100E8000662000F081FD4CF2B000732375221946F4
:100E90000090662000F078FD4CF2B00080237522AF
:100EA00073210090104600F06FFD4CF2B0008023DB
:100EB000752219460090662000F066FD4CF2B000E5
:100EC00064239F2219460090902000F05DFD4CF2B3
:100ED000B00071239F2264210090104600F054FD61
:100EE0004CF2B00071239F2219460090902000F030
:100EF0004BFD4CF2B00073239F22194600909020C6
:100F000000F042FD4CF2B00080239F22732100903C
:100F1000104600F039FD4CF2B00080239F221946A4
:100F20000090902000F030FD3FA04CF2B0034FF64F
:100F3000FF72652100904F2000F08AFB3CA04CF22C
:100F4000B0034FF6FF72742100904F2000F080FB39
:100F500039A04CF2B0034FF6FF7265210090792062
:100F600000F076FB36A04CF2B0034FF6FF7274210E
:100F70000090792000F06CFB0C204FF6FF7144F2DA
:100F8000082331A2CDE900103D21084600F0C4FE3F
:100F90000C204FF6FF7144F208232DA2CDE900107A
:100FA0003B21662000F0B8FE0C204FF6FF7144F2A2
:100FB00008232AA2CDE900103921752000F0ACFEEB
:100FC00027A04FF6FF7344F20822302100906E20D4
:100FD00000F03EFB4CF2B0008123302263210090F0
:100FE000104600F08FFD4CF2B0003C235E22194603
:100FF0000090022000F086FD1CBD0000E078000893
:10100000E87F0008F88D00087A960008F08600084E
:10101000CEC2B6C800000000CAAAB6C800000000D0
:10102000D1CCCEED00000000B6E6BBFA0000000017
:10103000CBAEB1C300000000B7E7C9C80000000094
:10104000C5C5C6F8000000003C70706D3E00000091
:10105000203C202020203E200000000070706D0009
:10106000CCECC8BBC6F8000010B588210348FFF7D8
:1010700055FA00200249086010BD000074040020E9
:101080005C00002070B506460024002500BF00F07B
:10109000F9F8C8B911A11348FFF7D1F9044654B1C2
:1010A0003A212046FFF7C1F9044614B1641C2046DA
:1010B00070BD0020FCE70CA10A48FFF7C0F9054607
:1010C00015B16D1C2846F3E7012002F071FC3000D9
:1010D000A6F101018EB2DAD100BFE9E74950442CF4
:1010E0000000000074040020302C434F4E4E454356
:1010F0005400000010B54FF4E13004F06DFAFFF732
:10110000B3FF03E04FF4FA7002F052FCC8221BA1B7
:101110001BA000F06BF80028F4D103E04FF4FA7044
:1011200002F046FCC82215A117A000F05FF80028C5
:10113000F4D103E04FF4FA7002F03AFCC8220FA198
:1011400015A000F053F80028F4D103E04FF4FA7032
:1011500002F02EFCC82209A11AA000F047F80028CE
:10116000F4D103E04FF4FA7002F022FCC82203A18C
:1011700018A000F03BF80028F4D110BD4F4B000040
:1011800041540D0A0D00000041542B43574D4F446C
:10119000453D320D0A00000041542B435753415046
:1011A0003D22455350383236365F57494649222C46
:1011B000223132333435363738222C352C330D0A70
:1011C0000000000041542B4349504D55583D310D0E
:1011D0000A00000041542B43495053455256455292
:1011E0003D312C383038300D0A0000002DE9F04137
:1011F00005460E4614462846FFF733F9C7B239466E
:10120000284604F047FA0FE000F03CF848B93146B0
:101210000948FFF714F920B1FFF726FF0020BDE8C9
:10122000F081012002F0C4FB2000A4F101018CB286
:10123000EAD10120F3E700007404002030B589B042
:1012400005460C46FFF710FF224608A101A8FEF74D
:10125000CBFFC8220AA101A8FFF7C8FF18B9E1B265
:10126000284604F017FA09B030BD000041542B4362
:10127000495053454E443D302C25640D0A00000072
:101280003E0000000A48006808B90120704708487D
:10129000006808490988884203D100200449086091
:1012A000F4E703480088034908800120EEE70000C6
:1012B0005C0000201400002030B5044604254FF4E3
:1012C000302000F06FF80546042D17D10C48006956
:1012D00040F002000A49086108464461006940F094
:1012E000400008614FF4302000F05CF805460448E7
:1012F000006941F6FD71084001490861284630BD8A
:101300000020024004200B49C96801F0010109B125
:1013100001200EE00749C96801F0040109B102206B
:1013200007E00449C96801F0100109B1032000E099
:1013300004207047002002400348006940F080000C
:1013400001490861704700000020024070B5044662
:101350000D460426F00200F025F80646042E11D1B1
:101360000948006940F00100074908612580F00242
:1013700000F018F806460448006941F6FE7108407E
:1013800001490861304670BD00200240024803490F
:1013900048600348486070472301674500200240C9
:1013A000AB89EFCD00B502460423FFF7ABFF034640
:1013B00003E0FFF7A7FF0346521E012B01D1002ACD
:1013C000F7D102B90523184600BD2DE9F0410246C8
:1013D00000250026002000230024002791F803C0E8
:1013E0000CF00F0591F803C00CF0100CBCF1000FCD
:1013F00003D091F802C04CEA050591F800C0BCF199
:10140000000F31D0146800202BE04FF0010C0CFAD3
:1014100000F3B1F800C00CEA03069E4220D183001D
:101420004FF00F0C0CFA03F7BC4305FA03FC4CEA2F
:10143000040491F803C0BCF1280F06D14FF0010C51
:101440000CFA00FCC2F814C00AE091F803C0BCF129
:10145000480F05D14FF0010C0CFA00FCC2F810C087
:10146000401C0828D1D31460B1F800C0BCF1FF0FB4
:1014700034DD546800202EE000F1080C4FF0010824
:1014800008FA0CF3B1F800C00CEA03069E4221D121
:1014900083004FF00F0C0CFA03F7BC4305FA03FC72
:1014A0004CEA040491F803C0BCF1280F05D100F107
:1014B000080C08FA0CF8C2F8148091F803C0BCF1CB
:1014C000480F07D100F1080C4FF0010808FA0CF89A
:1014D000C2F81080401C0828CED35460BDE8F081CB
:1014E000F0B50A46002300240021002500F0004644
:1014F000B6F1004F02D11D4EF16901E01B4E71683B
:10150000C0F3034583B200F44016B6F5401F08D17E
:1015100021F07061154E766826F07066134F7E607C
:1015200012E000F48016B6F5801F06D1032606FAF5
:1015300005F4A14341F0706106E0460D360103FA5F
:1015400006F6B14341F0706122B1460D360103FA4F
:1015500006F6314300F00046B6F1004F02D1034ECB
:10156000F16101E0014E7160F0BD0000000001403A
:101570000246002093680B400BB1012000E00020E0
:1015800070474161704701617047000010B5044623
:101590000723012221460948FFF726FA01210748BF
:1015A000FFF783FA00BF02210448FFF7E1F90028A2
:1015B000F9D00248FFF7D8F910BD0000002401401F
:1015C0002DE9F04107460C460025002608E0384684
:1015D000FFF7DCFF0544012002F0EAF9701CC6B2F7
:1015E000A642F4DBB5FBF4F080B2BDE8F081000068
:1015F00010B500F07DFD044604F072FE0749088036
:101600000846008842F20F71884201DD084601E079
:10161000024800880149088010BD00001E0000201B
:1016200010B500F0CFFD044604F05AFE07490880CB
:101630000846008842F20F71884201DD084601E049
:10164000024800880149088010BD00001A000020EF
:101650002DE9F84F0746884693469A46DDF82890CC
:101660000097BBE099F8000080283DDA99F8006007
:101670000D2E05D1009F08F110001FFA80F830E010
:10168000202E03DDA6F1200086B200E00026002413
:1016900022E000251CE004EB06105449085C802180
:1016A0002941084040B108EB040291B27A1990B286
:1016B0005A4600F0C6F909E0D34507D008EB04020A
:1016C00091B27A1990B2524600F0BBF9681CC5B2CB
:1016D000082DE0DB601CC4B2102CDADB07F1080037
:1016E00087B209F1010979E0002670E006EB860077
:1016F00000EBC6003E4911F8100099F8001088422E
:1017000063D106EB860000EBC600394901EB4000CF
:10171000407899F80110884257D1002453E0002501
:1017200022E006EB860000EBC600314901EB4000E9
:10173000801C10F8141080202841014041B108EBB2
:10174000040291B27A1990B25A4600F07AF909E08F
:10175000D34507D008EB040291B27A1990B25246F1
:1017600000F06FF9681CC5B2082DDADB002526E011
:1017700006EB860000EBC6001D4901EB4000801C13
:10178000012101EB4401415C80202841014049B125
:1017900008EB040291B27A19083290B25A4600F06E
:1017A00050F90AE0D34508D008EB040291B27A1947
:1017B000083290B2524600F044F9681CC5B2042DBC
:1017C000D6DB601CC4B20C2CA9DB701C86B21A2EAE
:1017D0008CDB09F1020907F10C0087B299F80000CF
:1017E00000287FF43FAFBDE8F88F0000A464000834
:1017F0000C7300082DE9F84F0746884693469A4631
:10180000DDF828900097B3E099F8000080283DDAD1
:1018100099F800600D2E05D1009F08F110001FFA05
:1018200080F830E0202E03DDA6F1200086B200E033
:101830000026002422E000251CE004EB061050499D
:10184000085C80212941084040B108EB040291B2B4
:101850007A1990B25A4600F0F4F809E0D34507D05F
:1018600008EB040291B27A1990B2524600F0E9F8FE
:10187000681CC5B2082DE0DB601CC4B2102CDADB9A
:1018800007F1080087B209F1010971E0002668E05C
:1018900006EB06103B4911F8100099F80010884239
:1018A0005DD106EB0610374901EB4000407899F80E
:1018B0000110884253D100244FE0002520E006EBC0
:1018C0000610304901EB4000801C10F814108020F5
:1018D0002841014041B108EB040291B27A1990B25B
:1018E0005A4600F0AEF809E0D34507D008EB0402F1
:1018F00091B27A1990B2524600F0A3F8681CC5B2B2
:10190000082DDCDB002524E006EB06101D4901EB69
:101910004000801C012101EB4401405C80212941F1
:10192000084048B108EB040291B27A19083290B22B
:101930005A4600F086F80AE0D34508D008EB0402C6
:1019400091B27A19083290B2524600F07AF8681CC7
:10195000C5B2082DD8DB601CC4B2102CADDB701CE6
:1019600086B2142E94DB09F1020907F1100087B248
:1019700099F8000000287FF447AFBDE8F88F000019
:10198000A4640008CA7500082DE9FF4F82B08046A4
:1019900089464946404600F05AFB0498A0EB0805EA
:1019A0000598A0EB0906002D02DB0120019003E061
:1019B0004FF0FF3001906D42002E02DB01200090BD
:1019C00003E04FF0FF30009076424FEA450A4FEABD
:1019D000460BB54219DDABEB0504002712E0494682
:1019E00040460F9A00F02DF8002C05DBA4EB0A040A
:1019F000009848441FFA80F95C44019840441FFA5B
:101A000080F87F1CAF42EADD18E0AAEB060400274D
:101A100012E0494640460F9A00F013F8002C05DB0F
:101A2000A4EB0B04019840441FFA80F8544400983A
:101A300048441FFA80F97F1CB742EADD06B0BDE8D2
:101A4000F08F70B504460D461646681C83B2601CC4
:101A500082B22946204600F0D1FA304600F07AF9E9
:101A600070BD00BFFEE7000008B501211D2000F099
:101A70006DFC01211F48FFF733FD4FF47040ADF8B6
:101A8000000048208DF8030069461B48FFF79DFCC5
:101A90004FF41060ADF8000048208DF8030069464F
:101AA0001648FFF792FC4FF47070ADF8000010205C
:101AB0008DF8030003208DF8020069460E48FFF7F9
:101AC00084FC4FF460710C48FFF75BFD4FF400504D
:101AD000ADF8000010208DF8030003208DF80200FF
:101AE00069460748FFF771FC4FF400510448FFF7BF
:101AF00048FD08BD00023000000C01400008014014
:101B0000001001402DE9F04706460F4614461D46D9
:101B1000DDF820A0681E83B2601E82B239463046CE
:101B200000F06CFAB8460FE0B14606E0504600F00F
:101B300011F909F101001FFA80F9A01C8145F5DBBC
:101B400008F101001FFA80F8681C8045ECDBBDE855
:101B5000F087000008B50121082000F0F7FB012004
:101B6000ADF8000003208DF8020010208DF803006E
:101B700069460A48FFF729FC0121042000F0E6FB32
:101B8000F020ADF8000003208DF8020010208DF841
:101B9000030069460248FFF718FC08BD000C01402D
:101BA000000801402DE9FE4F80468A4616469B46B6
:101BB0000D9C00200190204604EBD071C1F3470535
:101BC0002846EA1705EB5272D2102946EB1705EBAF
:101BD0005373DB10A5EBC3030BB1012300E000231B
:101BE0001A44624392B20092A6F12000C6B2302C91
:101BF00002D1A6F11000C6B20AEB0401491E8BB255
:101C000008EB0501491E8AB208F1020188B251466B
:101C100000F0F4F900274AE00C2C07D106EB46004F
:101C2000254901EB8000C05D029019E0182C07D116
:101C300006EB4600214901EB0010C05D02900FE069
:101C4000202C04D11E483044C05D029008E0302CA6
:101C500004D11C483044C05D029001E0BDE8FE8F15
:101C60004FF000091DE0012000FA09F00299084038
:101C700018B1584600F06EF802E00C9800F06AF8CF
:101C80000198401CC0B20190019890FBF5F105FB52
:101C9000110010B90020019006E009F1010000F0E8
:101CA000FF09B9F1080FDEDB00BF781C87B200988E
:101CB0008742B1DB00BFD1E7B5690008296E000893
:101CC000097300080A7300082DE9F04F054688469D
:101CD00016461F46DDF8249008EB0701491E8BB21B
:101CE000A919491E8AB2A91C88B2414600F086F99A
:101CF00000240BE019F814B009EB440090F801A09F
:101D00004BEA0A2000F026F8601C84B206FB07F0BC
:101D1000A042EFDCBDE8F08F2DE9FC4306460F46FC
:101D200014469846DDE909950EE0CDE90095227844
:101D3000434639463046FFF735FF284605EBD0715C
:101D400006EB61018EB2641C20780028EDD1BDE85D
:101D5000FC83000010B5044601200849086080207B
:101D600007490860201200F0C1FBE0B200F0BEFBA2
:101D700001200249091F086010BD0000140C014039
:101D80001008014070B5064683239F2200210846B3
:101D900000F034F92C2000F079F9002408E0002547
:101DA00003E03046FFF7D6FF6D1C842DF9D3641C89
:101DB000A02CF4D370BD10B5FFF7CCFE00F00CF9E9
:101DC000112000F063F9782001F0F2FDB12000F05D
:101DD0005DF9012000F046F92C2000F043F92D2098
:101DE00000F040F9B22000F051F9012000F03AF97A
:101DF0002C2000F037F92D2000F034F9B32000F04A
:101E000045F9012000F02EF92C2000F02BF92D20AF
:101E100000F028F9012000F025F92C2000F022F92B
:101E20002D2000F01FF9B42000F030F9072000F059
:101E300019F9C02000F02AF9A22000F013F90220BD
:101E400000F010F9842000F00DF9C12000F01EF917
:101E5000C52000F007F9C22000F018F90A2000F0B0
:101E600001F9002000F0FEF8C32000F00FF98A20ED
:101E700000F0F8F82A2000F0F5F8C42000F006F988
:101E80008A2000F0EFF8EE2000F0ECF8C52000F01A
:101E9000FDF80E2000F0E6F8362000F0F7F8A0205C
:101EA00000F0E0F8E02000F0F1F80F2000F0DAF8A0
:101EB0001A2000F0D7F80F2000F0D4F8182000F016
:101EC000D1F82F2000F0CEF8282000F0CBF8202009
:101ED00000F0C8F8222000F0C5F81F2000F0C2F87A
:101EE0001B2000F0BFF8232000F0BCF8372000F0E2
:101EF000B9F8602000F0B6F8072000F0B3F802202F
:101F000000F0B0F8102000F0ADF8E12000F0BEF8CD
:101F10000F2000F0A7F81B2000F0A4F80F2000F01D
:101F2000A1F8172000F09EF8332000F09BF82C2039
:101F300000F098F8292000F095F82E2000F092F893
:101F4000302000F08FF8302000F08CF8392000F0BD
:101F500089F83F2000F086F8002000F083F8072081
:101F600000F080F8032000F07DF8102000F07AF8EF
:101F70002A2000F08BF8002000F074F8002000F018
:101F800071F8002000F06EF87F2000F06BF82B2035
:101F900000F07CF8002000F065F8002000F062F806
:101FA000002000F05FF89F2000F05CF8F02000F0C7
:101FB0006DF8012000F056F8F62000F067F80020D8
:101FC00000F050F83A2000F061F8052000F04AF8DF
:101FD000292000F05BF810BD10B5402006490860CC
:101FE000642001F0E5FC40200349091F08606420DB
:101FF00001F0DEFC10BD000014080140F0B50546FC
:102000000C4616461F462A2000F040F8002000F03B
:1020100029F8E8B200F026F8002000F023F8B11CFF
:10202000C8B200F01FF82B2000F030F8002000F0BC
:1020300019F8E0B200F016F8002000F013F8791C4F
:10204000C8B200F00FF82C2000F020F8F0BD30B539
:1020500004460D462B46224629462046FFF7CEFF72
:1020600030BD000010B504460120064908608020FC
:1020700005490860204600F039FA01200149091F8E
:10208000086010BD140C01401008014010B5044652
:10209000012006490860802005490860204600F0BC
:1020A00025FA01200149091F086010BD140C0140E8
:1020B000140801402DE9F0470A210020FFF780FABB
:1020C000824603F082FD06460022074B03F00EFC19
:1020D00004464FF06632054B03F0C6FD804603F020
:1020E00017FBBDE8F08700000000B04066660A40BC
:1020F0002DE9F84F00F022F8009004F0C5F8804672
:10210000094A0A4B03F0F2FB0646094A094B02F062
:1021100061FD04464FF08042074B03F0A5FD824667
:1021200003F0F6FABDE8F88FF6285C8FC2F5284078
:10213000643BDF4F8D9700C0332F83402DE9FE4F66
:10214000FFF7B8FF0290029804F09EF806460F468B
:10215000029804F099F80022094BCDE9000103F040
:10216000B7FE804632463B4603F0C0FB04460022E1
:10217000044B03F079FD824603F0CAFABDE8FE8FF6
:10218000000014400000F03F2DE9F0470A2109202B
:10219000FFF716FA824603F018FD06460022074BA9
:1021A00003F0A4FB04464FF06632054B03F05CFDE0
:1021B000804603F0ADFABDE8F08700000000B040B3
:1021C00066660A402DE9F84F00F020F8009004F010
:1021D0005BF880464FF03332094B03F087FB06462D
:1021E0004FF03332074B02F0F5FC04464FF0C0428B
:1021F000054B03F039FD824603F08AFABDE8F88FFB
:1022000033331440333305C0660892402DE9FE4F46
:10221000FFF7BAFF0290029804F036F806460F4620
:10222000029804F031F80022094BCDE9000103F0D7
:102230004FFE804632463B4603F058FB04460022E0
:10224000044B03F011FD824603F062FABDE8FE8FF5
:10225000000014400000F03F00BFFEE7704710B5DB
:102260004FF4A06000F03AF810BD000070B50021F6
:1022700000230F22C47804B3154C246804F4E064EE
:10228000C4F5E064210AC1F10403CA40447804FAA9
:1022900003F184781440214309010E4C0678A155BE
:1022A000047804F01F050124AC4005786D11AD00E1
:1022B00005F1E025C5F8004109E0047804F01F05A8
:1022C0000124AC40044D0678761145F8264070BDD7
:1022D0000CED00E000E400E080E100E00249014391
:1022E000024A1160704700000000FA050CED00E0A2
:1022F0007047000001460020034A506820F4404027
:1023000008435060704700000010024029B1064A9F
:10231000D2690243044BDA6104E0034AD269824382
:10232000014BDA61704700000010024029B1064AF3
:1023300012690243044B1A6104E0034A12698243A2
:10234000014B1A61704700000010024029B1064A93
:1023500092690243044B9A6104E0034A9269824302
:10236000014B9A61704700000010024029B1064AF3
:10237000D2680243044BDA6004E0034AD268824325
:10238000014BDA60704700000010024030B50021B8
:102390000022002400232D4D6D6805F00C0121B1B1
:1023A000042905D0082923D105E0294D056022E044
:1023B000274D05601FE0254D6D6805F47012234D13
:1023C0006D6805F48034022505EB92421CB9214D5D
:1023D000554305600BE01D4D6D6805F400351DB1DA
:1023E0001C4D5543056002E0194D5543056002E060
:1023F000174D056000BF00BF144D6D6805F0F0017A
:102400000909154D6B5C0568DD4045600F4D6D6831
:1024100005F4E061090A104D6B5C4568DD4085609C
:102420000A4D6D6805F46051C90A0B4D6B5C456837
:10243000DD40C560054D6D6805F44041890B074DD1
:102440006B5CC568B5FBF3F5056130BD001002405B
:1024500000127A0000093D0000000020100000205A
:102460002DE9FC4780460E4617464FF00009B2465C
:10247000002400200090019051464046FDF7DFFF08
:1024800010B90120BDE8FC8751464046FDF7D7FF53
:10249000044603E0641C0A2001F08AFA2078302800
:1024A000F8DB20783928F5DC00250CE020780DF8E1
:1024B0000500681CC5B2641C20782C2800D108E0F7
:1024C0000A2001F075FA2078302802DB20783928BC
:1024D000ECDD00BF00200DF805006846FDF798FF11
:1024E0001FFA80F9A7F800900020CBE7002108210F
:1024F00014E000F080021AB120220A4B1A6003E0B7
:102500002022084B1B1D1A601022064B1B1D1A604F
:102510001B1F1A604206100E4A1ED1B20029E8DCC9
:10252000704700001008014030B503460C461546C0
:10253000002207E0184600F089F824F812009B1CDE
:10254000501C82B2AA42F5DB30BD00001CB505224A
:1025500069460D48FFF7E8FF00208DF805000BA144
:102560006846FDF76CFF48B9052208A1064800F04F
:1025700071F8322001F01CFA00F03AF800F00AF885
:10258000642001F015FA1CBDB0FF00084644594410
:102590005A0000003EB50024042269460F48FFF7A8
:1025A000C3FF2146641C1DF811000D490870214627
:1025B000641C1DF811000B4908702146641C3DF88D
:1025C0001100094908802146641C3DF811000749A3
:1025D00008800A2001F0ECF93EBD0000C0FF0008B1
:1025E0001700002019000020200000201C000020FF
:1025F0003EB50024104802782146641C2DF81120B5
:102600000E4802782146641C2DF811200C480288DF
:102610002146641C2DF811200A4802882146641CBA
:102620002DF8112004226946074800F013F80A200B
:1026300001F0BEF93EBD0000170000201900002087
:10264000200000201C000020C0FF00080146088870
:10265000704700002DE9F04F80468A461746B8F1D2
:10266000006F02D33348804501D3BDE8F08FFEF7F9
:102670008DFEA8F1006B4FEA9B25CBF34809C9F505
:102680000074A74200DC3C464DE04FF0006101EBD6
:1026900085208A142849FFF747FF00260BE009EB45
:1026A0000600254931F810004FF6FF71884200D02E
:1026B00003E0701C86B2A642F1DB00BFA6421BDA23
:1026C0004FF0006101EB8520FEF7F6FD002608E0E3
:1026D0003AF8160006EB0901174A22F81100701C9F
:1026E00086B2A642F4DB4FF0006101EB85208A142C
:1026F000114900F023F804E022465146404600F01C
:102700001DF8A74200D10FE06D1C4FF000090AEB45
:10271000440AA044381B87B2B7F5007F02DD4FF4AE
:10272000007400E03C46B0E700BFFEF705FE00BFC6
:102730009BE700000000010864000020F0B505469A
:102740000E461746002407E036F814102846FEF718
:10275000FDFDAD1C601C84B2BC42F5DBF0BD7047D2
:1027600010B500F001F810BD0CB5002001900090EC
:102770003348006840F480303149086000BF304879
:10278000006800F4003000900198401C019000980F
:1027900018B90198B0F5A06FF1D12948006800F48C
:1027A000003010B10120009001E00020009000985E
:1027B000012843D12348006840F0100021490860F7
:1027C0000846006820F0030008600846006840F0F2
:1027D000020008601A484068194948600846406885
:1027E00048600846406840F4806048600846406899
:1027F00020F47C1048600846406840F4E8104860C7
:102800000846006840F08070086000BF0C4800680F
:1028100000F000700028F9D00948406820F003005B
:10282000074948600846406840F00200486000BF21
:102830000348406800F00C000828F9D10CBD0000E6
:10284000001002400020024010B55A4800780028CD
:1028500079D00A2001F0ACF856480078012804D05D
:1028600002280FD00B285BD119E0002052490870D4
:102870005248007810B901F01FFE02E001205049D3
:1028800008704EE001204C4908704C48007810B99F
:1028900001F012FE02E001204949087041E00C20DD
:1028A00048490870AA2000F03FFB552000F03CFB8F
:1028B000012000F039FB4448007800F035FB434824
:1028C000007800F031FB4249087800F02DFB4049C8
:1028D0000988081200F028FB3D490988081400F017
:1028E00023FB3B490988081600F01EFB394908788C
:1028F00000F01AFB37490988081200F015FB35492A
:102900000988081400F010FB32490988081600F005
:102910000BFB552000F008FBAA2000F005FB00E0AF
:1029200000BF00BF2348007803283FDB2148007820
:102930000A283BDC0120204908702048007818B99B
:1029400001F0BAFD03E034E001201D490870194888
:102950000078C01E082827D2DFE800F004080C1019
:1029600014191E220F201C4908701EE005201A4968
:1029700008701AE001201949086016E00020174984
:10298000086012E001201549091F08600DE00020D1
:102990001249091F086008E001201149086004E09D
:1029A00000200F49086000E000BF00BF002001497F
:1029B000087010BD240000202E0000202A000020F6
:1029C0002C00002026000020160000201800002007
:1029D0001E0000201A00002022000020A0812142B9
:1029E000B40122420121204A11802049896941F025
:1029F00010011E4A91611E49496821F070611C4A0C
:102A000051601146496841F0407151601146C968F2
:102A100041F48041D1601146496821F070615160F4
:102A20001146496841F0006151604FF480411161E5
:102A3000042808D14FF0E021096941F004014FF06A
:102A4000E022116107E04FF0E021096921F0040163
:102A50004FF0E02211610649098901F4804111B962
:102A60000021014A118070473C0000200010024004
:102A7000001001407047000010B51348006840F096
:102A800001001149086008464068104908400E4995
:102A90004860084600680E4908400B49086008462F
:102AA000006820F4802008600846406820F4FE009A
:102AB00048604FF41F008860FFF752FE4FF000603F
:102AC0000449086010BD0000001002400000FFF83B
:102AD000FFFFF6FE08ED00E010B50121880700F0C9
:102AE0001AF9E0B10121880700F006F90C480088C6
:102AF000401C0B490880084600880A49097888422A
:102B000003DC01200849086002E000200649086053
:102B100003480088C82802DB00200149088010BD56
:102B20003000002022000020988121427FB5054618
:102B30000C4601210846FFF7E9FBADF80850ADF857
:102B400004400020ADF80A00ADF8060001A94FF0DE
:102B5000804000F0FBF81C208DF8000001208DF86B
:102B600001008DF802008DF803006846FFF77EFB38
:102B700001221146900700F0DFF80121880700F0DC
:102B8000BEF87FBD10B50121314800F0C4F800281F
:102B90005CD001212E4800F0AFF82E480088401C80
:102BA0002C49088008460088502804DB0020088053
:102BB00001202949087029480088401C27490880BD
:102BC0000846008864280ADB002008802448007832
:102BD000002804DD22480078401E21490870214861
:102BE0000088401C1F4908800846008814282DDBF7
:102BF000002008801C48006818B901201B490860A3
:102C000024E01B4800781B490978884211DA1A48E9
:102C100000781A49097888420BDA1948008819495E
:102C20000988884205DA18480088184909888842C6
:102C300006DB0E480068C0431549C1F8A40105E051
:102C40001448007810B900200849086010BD000041
:102C500000040040280000202D0000203200002049
:102C600026000020340000202C012142A4812142B2
:102C70001600002017000020180000201900002076
:102C80001A0000201C0000201E0000202000002050
:102C9000008021422F0000207FB505460C4601210F
:102CA0000220FFF733FBADF80850ADF804400020D8
:102CB000ADF80A00ADF8060001A90E4800F046F88C
:102CC000012211460B4800F037F81D208DF8000056
:102CD00001208DF8010002208DF8020001208DF8FE
:102CE00003006846FFF7C2FA0121024800F007F826
:102CF0007FBD000000040040CA430282704721B13A
:102D0000028842F00102028004E002884FF6FE735E
:102D10001A400280704730B502460020002300248C
:102D2000158A05EA0103958905EA010413B10CB17E
:102D3000012000E0002030BD1AB183890B4383815C
:102D400002E083898B438381704700000022028860
:102D50001D4B98420ED01D4B98420BD0B0F1804FC6
:102D600008D01B4B984205D01A4B984202D01A4B00
:102D7000984204D14FF68F731A404B881A43174B71
:102D8000984207D0164B984204D04FF6FF431A40A2
:102D9000CB881A4302808B8883850B8803850A4B76
:102DA00098420BD0094B984208D00E4B984205D060
:102DB0000D4B984202D00D4B984201D10B7A0386FD
:102DC0000123838270470000002C01400034014041
:102DD0000004004000080040000C004000100040CB
:102DE0000014004000400140004401400048014000
:102DF00010B540F225510E4800F025F990B10D486C
:102E00000068882802D300200A490860084800F0BA
:102E1000D5F9C1B2074802680068401C054B18602C
:102E20000548815440F22551014800F096F810BD44
:102E3000003801405C0000207404002010B540F20E
:102E400025510C4800F0FFF820B10A4800F0B6F90F
:102E5000094908700821074800F0E8F8012803D163
:102E60000821044800F070F840F22551014800F0B4
:102E700074F810BD004800402400002010B586B052
:102E8000044601210820FFF761FA01218804FFF7B9
:102E90003DFA4FF40060ADF8000004208DF8030007
:102EA00069461F48FEF791FA4FF48060ADF80000C4
:102EB00003208DF8020018208DF803006946184899
:102EC000FEF783FA02940020ADF80C00ADF80E0076
:102ED000ADF81000ADF814000C20ADF8120002A9F6
:102EE000104800F0FFF8012240F225510D4800F093
:102EF000D4F801210B4800F03FF84FF4A060FFF731
:102F0000EDF927208DF8040001208DF805008DF8DB
:102F100006008DF8070001A8FFF7A8F906B010BD5C
:102F2000000C01400048004010B504462146054809
:102F300000F049F900BF8021024800F077F800282E
:102F4000F9D010BD0048004001F40072B2F5007FD6
:102F500000D100BFCA430280704710B50022002391
:102F600040F66A14A14200D100BF0A120124944025
:102F7000A3B2DC43048010BD21B1828942F4005227
:102F8000828104E082894DF6FF731A408281704786
:102F900010B504462048844209D101218803FFF777
:102FA000E5F900214FF48040FFF7E0F932E01B48DB
:102FB000844209D101214804FFF7B8F900214FF4F8
:102FC0000030FFF7B3F925E01548844209D101210B
:102FD0008804FFF7ABF900214FF48020FFF7A6F932
:102FE00018E01048844209D10121C804FFF79EF976
:102FF00000214FF40020FFF799F90BE00A488442C2
:1030000008D101210805FFF791F900214FF4801044
:10301000FFF78CF910BD000000380140004400406B
:1030200000480040004C0040005000400246002094
:10303000B1F5007F00D100BF13880B400BB1012018
:1030400000E00020704770B50246002400230025F0
:10305000002040F66A16B14200D100BFC1F342150C
:1030600001F01F03012606FA03F3012D02D1968910
:10307000334006E0022D02D1168A334001E0968AE1
:1030800033400C12012606FA04F41688344013B1BA
:103090000CB1012000E0002070BDF0B50346002413
:1030A00000260025002040F66A17B94200D100BF73
:1030B0001846C1F3421401F01F06012707FA06F56E
:1030C000012C01D10C3004E0022C01D1103000E0C1
:1030D00014301AB107682F43076002E00768AF4356
:1030E0000760F0BD2DE9F04786B005460E46002486
:1030F000A24600BFA1460027B08900B100BF2F46FD
:103100002C8A4CF6FF700440F08804432C82AC8972
:103110004EF6F3100440B0883189084371890843A2
:103120000443AC81AC8A4FF6FF400440B0890443AD
:10313000AC8201A8FFF72AF91F48874202D1DDF8C7
:1031400010A001E0DDF80CA0A88900F4004040B117
:103150000AEBCA0000EB0A1031684900B0FBF1F835
:1031600007E00AEBCA0000EB0A1031688900B0FBE7
:10317000F1F86420B8FBF0F004012009642101FBA0
:103180001089A88900F4004040B1322000EBC9004A
:10319000B0FBF1F000F00700044308E0322000EB40
:1031A00009106421B0FBF1F000F00F0004432C8102
:1031B00006B0BDE8F087000000380140014688886D
:1031C000C0F308007047C1F308028280704700BF57
:1031D000FEE72DE9F04707460E4615464FF000087A
:1031E000C146C246002403E000203055601CC4B232
:1031F000BC42F9DB002454E0204604EBD0714910B6
:10320000A4EB4101E9B9285D302806DB285D3928A7
:1032100003DC285D303800F0FF09285D412806DB1B
:10322000285D462803DC285D373800F0FF09285D5B
:10323000612806DB285D662803DC285D573800F02E
:10324000FF09204604EBD0714910A4EB410101298C
:1032500025D1285D302806DB285D392803DC285D70
:10326000303800F0FF0A285D412806DB285D46283B
:1032700003DC285D373800F0FF0A285D612806DB93
:10328000285D662803DC285D573800F0FF0A0AEB4A
:10329000091006F8080008F1010000F0FF08601CA2
:1032A000C4B22846FDF7DDF8A042A5D8BDE8F087F6
:1032B00030B5B5B00024002034900120FDF7E2FEC7
:1032C0000446002C7DD034AAF5A12046FFF7C8F8AB
:1032D000D8B90120F5490870F5490860C82000F008
:1032E00067FB0020F349C1F8A401F0490870BDF85C
:1032F000D000632809DABDF8D000EF490870EF4824
:103300000078012801D1EE49087034AAEDA12046C9
:10331000FFF7A6F868B9BDF8D000632809DABDF850
:10332000D000EB490870E5480078012801D1E44954
:10333000087034AAE7A12046FFF792F878B9BDF8E3
:10334000D00042F20F71884209DABDF8D000E4499A
:103350000880DA480078012801D1D949087034AAD8
:10336000E0A12046FFF77CF888B9BDF8D00042F212
:103370000F71884209DABDF8D000DD490880CF48D6
:103380000078012801D1CE490870FFF731F9D9A1A1
:103390002046FDF754F800B30120C4490870C44921
:1033A0000860C82000F004FB0020C249C1F8A40155
:1033B000BE4908700120D1490870C048007820B982
:1033C00000E0E0E001F078F802E00120BC4908707C
:1033D0000020CB490870CB490880CBA12046FDF7DF
:1033E0002EF8E8B10120B1490870B1490860C82041
:1033F00000F0DEFA0020AF49C1F8A401AB49087023
:10340000BE490870AD48007810B901F055F802E0E7
:103410000120AB4908700020B9490870B9490880FB
:10342000BBA12046FDF70BF880B1B4480078012815
:1034300002D10F20B9490870A048007808B901F0FE
:1034400077F80020AE490870AE490880B4A1204644
:10345000FCF7F5FF80B1A9480078012802D10520CA
:10346000AE4908709548007808B901F061F800206D
:10347000A3490870A3490880ACA12046FCF7DFFFF0
:1034800080B19E480078012802D18949091F08604F
:103490008A48007808B901F04BF800209849087074
:1034A00098490880A3A12046FCF7C9FF88B193483A
:1034B0000078012803D100207D49091F08607F485A
:1034C000007808B901F034F800208D4908708D4962
:1034D00008809BA12046FCF7B2FF78B187480078AE
:1034E000012801D1984908607448007808B901F0B2
:1034F0001FF80020824908708249088093A1204665
:10350000FCF79DFF80B17D480078012802D10020A2
:103510008D4908606948007808B901F009F8002071
:1035200077490870774908808BA12046FCF787FF10
:1035300080B172480078012802D15D4908390860DD
:103540005E48007808B900F0F3FF00206C4908706D
:103550006C49088082A12046FCF771FF88B167485A
:103560000078012803D100205149083908605348E8
:10357000007808B900F0DCFF00206149087061495B
:103580000880FDF771FD5E480078012876D10020A3
:103590005B49087074A202A9C820FFF71AFE75489B
:1035A000008875490988CDE900107448037874488B
:1035B000027874A103A8FCF717FE7B48006818B9CD
:1035C0007AA102A8FCF76CFF6D4800783A490978A7
:1035D000884203DB77A102A8FCF762FF6748007806
:1035E0003B490978884203DB75A102A8FCF758FF24
:1035F000614800883E490988884203DB73A102A81C
:10360000FCF74EFF5B48008835490988884203DB98
:1036100071A102A8FCF744FF404800780F2804D1AC
:1036200070A102A8FCF73CFF03E071A102A8FCF71F
:1036300037FF1F48001F0068012804D16FA102A8AE
:10364000FCF72EFF03E070A102A8FCF729FF184841
:1036500008380068012804D16EA102A8FCF720FFF9
:1036600003E06FA102A8FCF71BFF374800680128A0
:1036700005D16EA102A8FCF713FF04E00DE06EA1D6
:1036800002A8FCF70DFF02A8FCF7EBFE85B2294665
:1036900002A8FDF7D3FDFDF7E7FC35B030BD000013
:1036A00074656D705F6D61783A0000002F00002036
:1036B000A481214200802142170000202A0000201E
:1036C0002C00002068756D695F6D61783A0000001C
:1036D00019000020736D6F6B655F6D61783A0000B3
:1036E000200000206761735F6D61783A0000000080
:1036F0001C0000206D616E75616C00002E000020C2
:103700002B000020280000206175746F000000006D
:103710006D6F746F725F6F6E0000000022000020FA
:103720006D6F746F725F6F666600000070756D700C
:103730005F6F6E0070756D705F6F666600000000F1
:1037400076656E745F6F6E00B401224276656E74AA
:103750005F6F66660000000066616E5F6F6E00005E
:1037600066616E5F6F6666003633324531433232D2
:10377000000000001E0000201A0000201800002099
:103780001600002074656D703A2564232C68756DF1
:10379000693A2564232C6761733A2564232C736D81
:1037A0006F6B653A256423002C0121422C666C6105
:1037B0006D6500002C74656D705F7761726E00003E
:1037C0002C68756D695F7761726E00002C6761739C
:1037D0005F7761726E0000002C736D6F6B655F77B1
:1037E00061726E002C73776974315F6F6E00000038
:1037F0002C73776974315F6F666600002C7377698C
:1038000074325F6F6E0000002C73776974325F6FE3
:10381000666600002C73776974335F6F6E0000007A
:103820002C73776974335F6F666600002C73776959
:1038300074345F6F6E0000002C73776974345F6FAF
:1038400066660000490050EAC12018BF04204A0DF6
:1038500018BF40F0010040F2FF72B2EB515F08BFA9
:1038600040F00200012808BF052070472DE9F04113
:103870004F1E00EBC7010446D1E9000115461E4664
:1038800037F006020DD02A46334602F0EDF97F1ECE
:1038900004EBC703D3E9002301F06CFF37F0060205
:1038A000F1D1022F25D0042F13D0062F18BFBDE869
:1038B000F0812A46334602F0D7F9D4E90A2301F011
:1038C00059FF2A46334602F0CFF9D4E9082301F024
:1038D00051FF2A46334602F0C7F9D4E9062301F026
:1038E00049FF2A46334602F0BFF9D4E9042301F028
:1038F00041FF2A46334602F0B7F9D4E9022301F02A
:1039000039FF2A46334602F0AFF9D4E90023BDE877
:10391000F04101F02FBF000000221346104601497C
:1039200001F0E4BF0000F03F01F024BF0022134685
:103930001046114601F0DABF40F2013200204FF08C
:10394000E04102F069BD0000024A0020110702F0C8
:1039500063BD000001FDFFFF30380A2801D20120BD
:10396000704700207047014600BF704710B56FF0E8
:103970000400FFF737F80A4800680A49B0FBF1F085
:10398000094908700846007800EB4001C1EBC010FF
:103990004FF6FF7101EAC0000449088010BD000025
:1039A0003800002000127A00500000205200002051
:1039B00001461F4A12884A434FF0E0235A61002211
:1039C0009A611A46126942F001021A6100BF4FF073
:1039D000E0221069174A128892B1174A1268521CE5
:1039E000154B1A601A46126842F210739A4207D9B0
:1039F0000022114B1A60114A1268521C0F4B1A60B8
:103A000000F001021AB100F48032002ADFD00B4A24
:103A10001268B2F5966FDAD84FF0E022126922F000
:103A200001024FF0E0231A6100229A617047000002
:103A3000520000203C0000205400002058000020CC
:103A40000146114A12784A434FF0E0235A6100229E
:103A50009A611A46126942F001021A6100BF4FF0E2
:103A6000E022106900F001021AB100F48032002A4D
:103A7000F5D04FF0E022126922F001024FF0E0236E
:103A80001A6100229A617047500000202DE9F04130
:103A90008CB0012400274FF0000805251422F449BA
:103AA00002A8FCF709FD0120F24908704FF6FF70EB
:103AB000FEF768F94FF478401223A022002100900D
:103AC0000846FEF71FF8ECA04FF478434FF6FF725C
:103AD000022100902820FDF78DFE0120E9490870A1
:103AE000C4E1FFF7E5FB00F091FDE74908700846E7
:103AF0000078012813D1012C01D100F0C7F9022C64
:103B000001D100F063FA032C01D100F0FFFA042C7C
:103B100001D100F09DFB052C01D100F03BFCDA48FF
:103B20000078022806D1601CC4B24FF00108AC42F4
:103B300000DD0124D4480078032804D1601EC4B2FB
:103B4000012704B92C46D0480078042809D1FDF794
:103B5000E1F8FEF74DFD0020C64908700CB0BDE845
:103B6000F081B8F1000F04D11FB9C64800780028D1
:103B7000B6D000260AE0002007A921F826004FF65B
:103B8000FF7001EB86014880701CC6B2AE42F2DBCA
:103B90004FF6FF71601E07AA22F820101F2102EBCA
:103BA00080004180B8F1010F31D194FBF5F005FBA5
:103BB0001040012815D14FF6FF700090681E00EBF1
:103BC000C000152202EB4000103083B2681E00EBEB
:103BD000C00002EB400081B2A0220020FDF792FF5E
:103BE00015E04FF6FF700090A01E252202EB001298
:103BF000601E02EB400083B2A01E00EBC000152245
:103C000002EB400081B2A0220020FDF77BFF012FD4
:103C100028D1AC4215D14FF6FF700090601B00EB2D
:103C2000C000152202EB4000103083B2601B00EB95
:103C3000C00002EB400081B2A0220020FDF762FF2D
:103C400010E04FF6FF700090252000EB041000EB11
:103C5000440304EBC400152202EB4001A022002023
:103C6000FDF750FF1F200090601E252202EB00127E
:103C700002EB400083B2601E00EBC000152202EB95
:103C8000400081B2A0220020FDF73CFF7D48007873
:103C9000D0B1002615E002A850F82600009007A831
:103CA00000EB8600438807A830F8262006EBC60004
:103CB0004FF0150C0CEB40010220FDF79BFD701C32
:103CC000C6B2AE42E7DBCBE0B8F1010F66D194FBA0
:103CD000F5F005FB1040012830D1601E02A951F813
:103CE00020000090601E0DF11C0C0CEB800043883E
:103CF000601E3CF8202000EBC0004FF0150C0CEBD0
:103D0000400081B20220FDF775FD681E02A951F83E
:103D100020000090681E0DF11C0C0CEB8000438805
:103D2000681E3CF8202000EBC0004FF0150C0CEB97
:103D3000400081B20220FDF75DFD2FE0A01E02A928
:103D400051F820000090A01E0DF11C0C0CEB80001F
:103D50004388A01E3CF8202000EBC0004FF0150C5B
:103D60000CEB400081B20220FDF744FD601E02A969
:103D700051F820000090601E0DF11C0C0CEB80002F
:103D80004388601E3CF8202000EBC0004FF0150C6B
:103D90000CEB400081B20220FDF72CFD012F5FD11A
:103DA000AC4231D1601B02A951F820000090601B89
:103DB0000DF11C0C0CEB80004388601B3CF82020AC
:103DC000601B00EBC0004FF0150C0CEB400081B203
:103DD0000220FDF70FFD601E02A951F8200000909F
:103DE000601E0DF11C0C0CEB80004388601E3CF83B
:103DF000202000EBC0004FF0150C0CEB400081B20E
:103E00000220FDF7F7FC2BE0601E02A951F820000C
:103E10000090601E0DF11C0C0CEB80004388601EAE
:103E20003CF8202000EBC0004FF0150C0CEB4000DC
:103E300081B20220FDF7DEFC02A850F824000090B9
:103E400007A800EB8400438807A830F8242004EB7F
:103E5000C4004FF0150C0CEB40010220FDF7CAFC2A
:103E60004FF00008002700200649087039E60000DE
:103E700044A400082A000020C9E8D6C3D6F7B2CB74
:103E8000B5A500002C000020230000201CB54FF633
:103E9000FF70FDF777FF4FF478401223A022002136
:103EA00000900846FDF72EFE3BA04FF478434FF6F6
:103EB000FF72022100903020FDF79CFC39A04FF6E4
:103EC000FF730022442100905820FDF7C1FB012020
:103ED000354908705EE0FFF7EBF900F097FB3349D6
:103EE00008700846007802280BD131480078632812
:103EF00004DA2F480078401C2D49087001202A4917
:103F000008702A48007803280BD129480078002837
:103F100004DD27480078401E254908700120224909
:103F200008702248007804281DD14FF6FF70FDF775
:103F300029FF4FF478401223A02200210090084668
:103F4000FDF7E0FD1BA04FF478434FF6FF7202210E
:103F500000902820FDF74EFC012013490870002036
:103F6000124908701CBD1048007898B110480278BA
:103F700013A11548FCF738F918204FF6FF710023FC
:103F8000114ACDE900103C210846FDF7C5FE00208E
:103F9000054908709FE70000C9E8D6C3CEC2B6C87D
:103FA00000000000A1E600002C00002023000020FB
:103FB00017000020C9E8D6C3D6F7B2CBB5A50000DC
:103FC0002530326400000000640400201CB54FF668
:103FD000FF70FDF7D7FE4FF478401223A022002196
:103FE00000900846FDF78EFD3BA04FF478434FF656
:103FF000FF72022100903020FDF7FCFB39A04FF644
:10400000FF730022442100905820FDF721FB01207E
:10401000354908705EE0FFF74BF900F0F7FA3349D5
:1040200008700846007802280BD1314800786328D0
:1040300004DA2F480078401C2D49087001202A49D5
:1040400008702A48007803280BD1294800780028F6
:1040500004DD27480078401E2549087001202249C8
:1040600008702248007804281DD14FF6FF70FDF734
:1040700089FE4FF478401223A022002100900846C8
:10408000FDF740FD1BA04FF478434FF6FF7202216D
:1040900000902820FDF7AEFB012013490870002096
:1040A000124908701CBD1048007898B11048027879
:1040B00013A11548FCF798F818204FF6FF7100235C
:1040C000114ACDE900103C210846FDF725FE0020ED
:1040D000054908709FE70000C9E8D6C3CAAAB6C858
:1040E00000000000250000002C000020230000201C
:1040F00019000020C9E8D6C3D6F7B2CBB5A5000099
:104100002530326400000000640400201CB54FF626
:10411000FF70FDF737FE4FF478401223A0220021F4
:1041200000900846FDF7EEFC3CA04FF478434FF6B4
:10413000FF72022100903020FDF75CFB3AA04FF6A1
:10414000FF730022442100906720FDF781FA0120CF
:104150003649087060E0FFF7ABF800F057FA3449D1
:1041600008700846007802280DD13248008842F2D3
:104170000F71884204DA2F480088401C2D490880BE
:1041800001202A4908702A48007803280BD12948C1
:104190000088002804DD27480088401E2549088043
:1041A0000120224908702248007804281DD14FF6CA
:1041B000FF70FDF7E7FD4FF478401223A0220021A5
:1041C00000900846FDF79EFC1BA04FF478434FF685
:1041D000FF72022100902820FDF70CFB01201349FB
:1041E00008700020124908701CBD1048007898B172
:1041F0001048028813A11548FBF7F6FF18204FF668
:10420000FF710023114ACDE900103C213420FDF755
:1042100083FD0020054908709DE70000C9E8D6C36A
:10422000D1CCCEED0000000070706D002C0000209D
:104230002300002020000020C9E8D6C3D6F7B2CB67
:10424000B5A500002530346400000000640400209F
:104250001CB54FF6FF70FDF795FD4FF47840122323
:10426000A022002100900846FDF74CFC3CA04FF432
:1042700078434FF6FF72022100902820FDF7BAFA2A
:104280003AA04FF6FF730022442100906720FDF70B
:10429000DFF901203649087060E0FFF709F800F007
:1042A000B5F9344908700846007802280DD1324823
:1042B000008842F20F71884204DA2F480088401CBF
:1042C0002D49088001202A4908702A4800780328CF
:1042D0000BD129480088002804DD27480088401EAB
:1042E00025490880012022490870224800780428C6
:1042F0001DD14FF6FF70FDF745FD4FF478401223B6
:10430000A022002100900846FDF7FCFB1BA04FF403
:1043100078434FF6FF72022100902820FDF76AFAD9
:104320000120134908700020124908701CBD104874
:10433000007898B11048028813A11548FBF754FF84
:1043400018204FF6FF710023114ACDE900103C21DF
:104350003420FDF7E1FC0020054908709DE70000CE
:10436000C9E8D6C3CCECC8BBC6F8000070706D00BD
:104370002C000020230000201C000020C9E8D6C328
:10438000D6F7B2CBB5A5000025303464000000009C
:104390006404002008B54FF6FF70FDF7F3FC4FF4FE
:1043A00078401223A022002100900846FDF7AAFBC6
:1043B00032A04FF478434FF6FF7202210090302074
:1043C000FDF718FA01203049087056E0FEF770FF3B
:1043D00000F01CF92D49087008460078022805D124
:1043E00000202B49087001202749087027480078D1
:1043F000032804D101202649087023490870234866
:10440000007804281DD14FF6FF70FDF7BBFC4FF478
:1044100078401223A022002100900846FDF772FB8D
:104420001CA04FF478434FF6FF7202210090282021
:10443000FDF7E0F9012014490870002013490870C5
:1044400008BD11480078C0B11148007848B914A0DF
:104450004FF6FF730022402100903020FDF7CAF98B
:1044600008E012A04FF6FF73002240210090302098
:10447000FDF7C0F9002004490870A7E7D1A1D4F1E5
:10448000C4A3CABD000000002C00002023000020AF
:104490002E000020C9E8D6C3D6F7B2CBB5A50000E0
:1044A000D7D4B6AFC4A3CABD00000000CAD6B6AF09
:1044B000C4A3CABD0000000008B516480078A0B922
:1044C00015A044F6C0134FF6E07265210090342029
:1044D000FDF7BEF812A044F6C0134FF6E072732148
:1044E00000903420FDF7B4F813E00FA044F6C01399
:1044F0004FF6E072652100903420FDF7A9F808A07E
:1045000044F6C0134FF6E072732100903420FDF79B
:104510009FF808BD2E000020D7D4B6AF00000000E1
:10452000C4A3CABD00000000CAD6B6AF0000000098
:1045300008B53148007805280AD130A04FF4FC6353
:104540004CF2B002652100906920FDF781F809E086
:104550002BA04FF6E0734CF2B00265210090692069
:10456000FDF776F82748006850B924A04FF4FC63A3
:104570004CF2B002742100906920FDF769F809E05F
:104580001FA04FF6E0734CF2B00274210090692036
:10459000FDF75EF81B48001F006850B917A04FF4E4
:1045A000FC634CF2B002652100909320FDF750F8B7
:1045B00009E013A04FF6E0734CF2B00265210090C1
:1045C0009320FDF745F81048006850B90BA04FF450
:1045D000FC634CF2B002742100909320FDF738F890
:1045E00009E007A04FF6E0734CF2B002742100908E
:1045F0009320FDF72DF808BD22000020B9D8000057
:10460000BFAA0000A0812142B401224210B50024BB
:104610003A48006858B90120FFF7CAF937480068DE
:1046200028B900BF354800680028FBD00124334872
:10463000001D0068E8B93248007830B93148007888
:1046400018B10120FFF7B4F902E05020FFF7B0F9EC
:104650002A48001D006860B92948007840B92948F7
:10466000007828B100BF2548001D00680028FAD056
:104670000224224808300068E8B92148007830B99F
:104680002048007818B10120FFF792F902E050208D
:10469000FFF78EF919480830006860B918480078AB
:1046A00040B91848007828B100BF144808300068A5
:1046B0000028FAD0032411480C30006868B90120A2
:1046C000FFF776F90D480C30006830B900BF0B4891
:1046D0000C3000680028FAD004240B48006858B950
:1046E0000120FFF765F90848006828B900BF0648AF
:1046F00000680028FBD00524204610BD30812142EF
:104700002A0000202E000020200121421CB5002498
:10471000FFF72CF9FDF7A3FD4FF4FA70FFF748F906
:10472000FDF7A2F9FDF747FBFDF79EF90020FDF725
:1047300029FBFDF70BFFF7A000234CF2B00232215A
:1047400000903020FDF756F8FCF7D4FC4FF47A7057
:10475000FFF72EF94FF41650FEF790FBFCF7B6F971
:10476000FCF728FA00BFEE49EE48FCF7A7FA4FF431
:10477000FA70FFF71DF9EB48007818B9E84800789F
:104780000028F0D0FCF7C6FA47216320FEF7CEF9E7
:1047900040F2CF2140F2E730FEF77EFA15E2FFF754
:1047A00035FFE1490870E1480078012840D108460A
:1047B0000078022810D1DE480078052803D10F20A8
:1047C000DB49087006E0DA4800780F2802D105209E
:1047D000D7490870FFF7ACFED3480078032809D109
:1047E000D448006808B9012000E00020D1490860E1
:1047F000FFF79EFECC480078042809D1CE48006817
:1048000008B9012000E00020CB490860FFF790FEC6
:10481000C548007805280BD1C648001F006808B9B4
:10482000012000E00020C349091F0860FFF780FE57
:10483000BD480078012801D1FFF728F9FEF704F8F8
:10484000BE48007801286ED1BD4800780028FAD112
:10485000BA490870B249B348FCF730FAFCF7C8FE11
:10486000FCF7DEFEB7480068E0B9B7A04FF6FF736B
:104870004FF47842662100902220FCF7E9FEB3A0B5
:104880004FF6FF734FF47842732100902220FCF71B
:10489000DFFE04F01000D8B944F010040220AC4947
:1048A000087015E0ABA04FF6FF734FF44872662115
:1048B00000902220FCF7CCFEA4A04FF6FF734FF42B
:1048C0004872732100902220FCF7C2FE04F0EF042E
:1048D00094480278A0A1A248FBF786FC9148007892
:1048E000A049097888421FDB18204FF6FF714FF46A
:1048F00078439B4ACDE9001006213920FDF70CFAD8
:1049000099A04FF6FF734FF478420921009053208D
:10491000FCF79EFE04F00100F0B944F0010403200E
:104920008B49087018E0BBE018204FF6FF714FF478
:1049300048738B4ACDE9001006213920FDF7ECF9C8
:1049400089A04FF6FF734FF448720921009053205D
:10495000FCF77EFE04F0FE04714802787EA18048D8
:10496000FBF742FC6E4800788049097888421EDBDC
:1049700018204FF6FF714FF47843794ACDE90010C3
:1049800022213920FDF7C8F979A04FF6FF734FF4C3
:104990007842262100905420FCF75AFE04F00200D1
:1049A000E8B944F0020404206949087017E01820AF
:1049B0004FF6FF714FF44873694ACDE90010222188
:1049C0003920FDF7A9F96AA04FF6FF734FF448723A
:1049D000262100905420FCF73BFE04F0FD046548BE
:1049E000028865A15E48FBF7FFFB624800886449C6
:1049F0000988884214DB18204FF6FF714FF4784382
:104A0000574ACDE9001049212620FDF785F904F029
:104A1000040098B944F0040405204D4908700DE0E5
:104A200018204FF6FF714FF448734D4ACDE900103E
:104A300049212620FDF770F904F0FB045148028853
:104A40004DA14748FBF7D0FB4E4800884E490988E6
:104A5000884214DB18204FF6FF714FF47843404A28
:104A6000CDE9001046216720FDF756F904F0080053
:104A700098B944F008040620354908700DE0182064
:104A80004FF6FF714FF44873354ACDE900104621C7
:104A90006720FDF741F904F0F70401203B49087055
:104AA0002248007898BB1F4800782E490978884230
:104AB00005DA1B4800782D490978884204DB01207B
:104AC0001C49091F086003E000201A49091F0860FB
:104AD0002C4800882C490988884206DB01201649A9
:104AE00008600F201249087005E000201249086094
:104AF00005200F4908701F4800882149098888420D
:104B000002DA1048006818B901200A49086042E03A
:104B10003EE000004C6F6164696E672E2E2E00002F
:104B20001800002016000020230000202E00002086
:104B300022000020A0812142B40122422D00002049
:104B4000260000202C012142D3D00000BBF0000041
:104B500025000020CEDE0000253032640000000079
:104B60006404002017000020A1E6000019000020C6
:104B7000250000001E0000202530346400000000E5
:104B8000200000201A0000201C0000202B00002024
:104B900000200E490860FFF7CBFC0D48007890B16B
:104BA000AA20FEF7C1F95520FEF7BEF908480078A3
:104BB000FEF7BAF95520FEF7B7F9AA20FEF7B4F9C7
:104BC000002003490870FEF773FBE8E5A08121424D
:104BD000250000202DE9F04D16460F4694B01C46E6
:104BE00021F0004123F00042002814BF4FF0010CD7
:104BF0004FF0000C0CEB470CFE4B0CEB03054FEA9F
:104C0000630C65452BD3350018BF012505EB440522
:104C10001D44F94B9D4222D3F84B52EA060C02D0B8
:104C20009F4205D148B914B000201946BDE8F08D67
:104C3000002808BF4FF0000C01D04FF0010C0CEB26
:104C4000470313F5001F0AD8002E14BF4FF0010CC4
:104C50004FF0000C0CEB440313F5001F07D914B000
:104C6000324623463946BDE8F04DFEF75DBEDFF81B
:104C700090834FF0000A002FB8BF424523DAE14B82
:104C80009A42A8BF4FF0020A1DDADC4B93421ADCAD
:104C9000DD4B03EB2253142B08DDC3F1340C26FA51
:104CA0000CF303FA0CFCB4450DD108E05EB9C3F176
:104CB000140C22FA0CF303FA0CFC944503D103F014
:104CC0000103C3F1020A51EA00031BD1002C19DAD7
:104CD000002F18BFBAF1020F02D0BAF1010F07D0AE
:104CE0000220FBF74AFC14B0BDE8F04DFEF714BEFD
:104CF0000220FBF742FCFEF70FFE14B081F00041EA
:104D0000BDE8F08D330070D1424525D107F18042D6
:104D100012F5801201BF00280020B84914B008BF66
:104D2000BDE8F08DB548884207DC002CA1BF1846CD
:104D3000214614B0BDE8F08D07E0002CBFBF184637
:104D400084F0004114B0BDE8F08DB0497944D1E958
:104D5000000114B0BDE8F08DDFF8A0C262452AD191
:104D6000002C24DA39B1414517D1002804BF0020B6
:104D700002461CD106E040B10220FBF7FEFBFEF725
:104D8000DBFD0A46394600F0D7BA9D4A394614B0D1
:104D9000002062F31E01BDE8F08D08DA14B03B4636
:104DA000BDE8F04D02460020614600F09FBD14B002
:104DB0003946BDE8F08D414517DAB4F1804F0CD08B
:104DC000A4F10053B3F1FF530FD13B1E0DDB14B020
:104DD0001946BDE8F04D00F0D9BB3B4614B0024681
:104DE000BDE8F04D194600F03FBF050027F0004335
:104DF0003AD1E1B1414537D1002F06DD002CA1BFEA
:104E00000020414614B0BDE8F08D002F01DD002CDC
:104E10001FDB002F16DA002C14DBBAF1010F4FF064
:104E2000000014BF76497A4914B0BDE8F08DBAF19C
:104E3000020F18BF002F0CD0BAF1010F09D1002FBB
:104E400007DA0BE0002FB8BF002C0DDABAF1010F22
:104E500004D0002014B00146BDE8F08D14B000204D
:104E60004FF00041BDE8F08D4FF0010808EBE77C02
:104E7000CDF814C05CEA0A0C0DD0DFF898C1624589
:104E80007EDDDFF894C1654B624512DD8B420ADBA3
:104E9000002C18DB23E00120FBF76FFB14B0BDE80A
:104EA000F04DFEF743BD554A8A4202DC002C0ADC75
:104EB00015E0994202DA002C11DA04E04F4B9942D6
:104EC00019DD002C0BDD0220FBF757FBFEF734FD4C
:104ED0004B4A14B061F31E021146BDE8F08D02206A
:104EE000FBF74BFBFEF730FD444A14B061F31E02A2
:104EF0001146BDE8F08D0022394601F0DBF8074687
:104F00000D466FF0010201F087FA4FF05532444B25
:104F100000F0DEFF3A462B4600F0A6FE0022414B91
:104F200000F0D6FF80468B463A462B46104619467F
:104F300000F09AFE42465B4600F096FE88460E90D0
:104F40004FF0C042384B3846294600F08DFE83466C
:104F50000091364A344B41460E9800F085FE80465B
:104F60000191334A334B3846294600F07DFE4246D4
:104F7000019B01F09FF80D4602460B460C9000E0A5
:104F800011E05846009900F0F5FB002788465A4684
:104F90003846009B01F08EF82B460C9A00F098FFE3
:104FA000024600F079B90020B1F5801F07DA3522FA
:104FB0002846194601F030FA05466FF0340000EB40
:104FC0002150A0F2FF300190C1F3130040F07F6147
:104FD00041F04051029118498842D8BF4FF0000B70
:104FE00035DD16498142C8BF4FF0010B2FDC4FF071
:104FF000000B25E0FFFF1F00FFFF0F000000F03F48
:105000000000F07F0000404301FCFFFFA8570000B4
:105010000000F0FF0000E0410000F043FFFFEF3F21
:105020005555D53F0000E03F4715F73FFE822B6501
:1050300044DF5DF80BAE543E8E9803007AB60B0049
:105040000198401C01900298A0F580100290FF4842
:105050000299784400EBCB000991D0E9002328465F
:105060000B93129201F026F800910A9028460B9BB0
:10507000129A099900F07EFB02460B460020F44983
:1050800000F034FCCDE90C010B46024600990A9869
:1050900000F0EAFD0690EF48884600277844029920
:1050A000006810904FF0005040EA610000EB8B4028
:1050B00000F5002102910B9B129A109800F0FAFF64
:1050C0002A46099B00F004FF3A46434600F0CCFD17
:1050D0000891129038464146029B109A00F0C4FD98
:1050E000009B0A9A00F0F4FE089B129A00F0E2FF7F
:1050F000DDE90C2300F0B8FD0B91069A12904346AF
:105100001046194600F0B0FD05460246D2480B464F
:105110000A9106217844FEF7A9FB0A9B2A460891CA
:1051200002901046194600F09FFD089B029A00F07D
:105130009BFD05460991434638461946069A00F0FC
:1051400019FB0B9B129A00F08FFD2A46099B00F079
:1051500011FBCDE908013A4643461046194600F0D6
:1051600083FD0A910022BD4B009000F003FBDDE9B6
:10517000082300F0FFFA0D463A46B84B384600F0D7
:1051800099FF0A9B009A00F095FFDDE9082300F0E3
:105190009FFECDE908013A462B461046414600F0F5
:1051A00063FD00910A90DDE908014346069A00F08C
:1051B0005BFD069088462B463A460B99129800F004
:1051C00053FD4346069A00F0D5FA80460B46024648
:1051D0000D9100990A9800F0CDFA00200F4605467F
:1051E000009B0A9A00F066FF42460D9B00F070FE9D
:1051F00088460E904FF06042994B2846394600F0A1
:1052000033FD02910090974A954B41460E9800F06D
:105210002BFD80460391944A944B2846394600F072
:1052200023FD4246039B00F0A5FA914A7A4402EB23
:10523000CB03D3E9002300F09DFA054607910198BE
:1052400000F0ACFC0C9003912A46079B0299009851
:1052500000F090FA874A7A4402EBCB03D3E90023AB
:105260009346019300F086FA039B0C9A00F082FAB1
:10527000002788463846039B0C9A00F01BFF5A46CD
:10528000019B00F017FF029B009A00F013FF2A46D3
:10529000079B00F01DFE02460020069005986C4D0D
:1052A000AAF10103184301D1734D069000200B466B
:1052B00004903046214600F0D7FC82468B462346B8
:1052C00030461946049A00F0F5FE3A46434600F08F
:1052D000CBFC52465B4600F04DFA06468A463A46FB
:1052E00043462146049800F0BFFC04460F46324670
:1052F000534600F03FFA614A8B46914221DBABEB0B
:10530000020353EA000210D122463B4600F0D2FECF
:10531000804603915A4A5B4B3046514600F02AFAC8
:105320004246039B00F09EFD27D20220FBF725F9A1
:10533000FEF702FB0A46294614B062F31E01BDE8DF
:10534000F08D514B2BF000429A4216D34F4A0BEB93
:10535000020353EA000208D122463B4600F0AAFEAF
:105360003246534600F07EFD07D80220FBF705F9D0
:10537000FEF7EAFA0A462946DEE72BF000404449E8
:10538000444A01EB20514FF00008824223DA481CC6
:105390004FF4801121FA00F058443F4AC0F30A51FB
:1053A0007A443E4BA1F2FF31CB4020EA0303C0F325
:1053B000130040F4801CC1F1140012682CFA00F8AC
:1053C000BBF1000FB8BFC8F100082046394600F015
:1053D00071FE04460F4622463B463046514600F0D9
:1053E000C9F94FF0000B5A462D4B5846039100F077
:1053F0003BFC00910A902B4A2B4B5846039900F036
:1054000033FC0491029022463B465846039900F033
:1054100051FE3246534600F05BFD244A244B00F017
:1054200023FC049B029A00F0A5F907468A46009BDC
:105430000A9A00F09FF904460E46009B0A9A00F073
:1054400039FE3A46534600F043FD33E01A5400005B
:105450000000F03F5854000088530000000008404E
:1054600009C7EE3FFD033ADCF5015B14E02F3EBEB9
:1054700060520000265200000000F0BF0000904083
:10548000FE822B654715973C00CC904000346F3F5F
:1054900001FCFFFF0000E03F54510000FFFF0F0040
:1054A000432EE63F396CA80C615C20BEEF39FAFE52
:1054B000422EE63F0746224633460F9110461946D4
:1054C00000F0D2FB834602462E488A460B46052151
:1054D0007844FEF7CBF95A46534600F0C5FB224606
:1054E000334600F0F5FC82468B463A46204631466C
:1054F0000F9B00F0B9FB3A460F9B00F03BF90F46BB
:105500000A9000224FF080435046594600F0D2FDE9
:105510000391009052465B462046314600F0A4FBC2
:10552000039B009A00F0E2F93B460A9A00F0C2FDA4
:105530002246334600F0BEFD0022134B00F0C8FCAB
:105540000E46044601EB08510815002810DC4246BF
:105550002046314600F060FFFEF774F9042808BFCA
:10556000FEF7F2F942462046314600F055FF044668
:1055700006980B4614B022462946BDE8F04D00F0CF
:1055800073BB0000FC4F00000000F03F2DE9F0412C
:1055900006460F4600F0A8FC04000D4618BF012087
:1055A000284320F00040C0F17F6000F1E040C00FD0
:1055B0000ED0301C18BF0120384320F00040C0F14D
:1055C0007F6000F1E040C00F04BF0120FAF7D5FF73
:1055D00020462946BDE8F08110B586B00446012179
:1055E00044F20500FCF7B2FE2848FDF7D1FC4FF469
:1055F0000070ADF8140003208DF8160018208DF807
:10560000170005A92248FBF7E0FE4FF48060ADF8D3
:10561000140004208DF8170005A91D48FBF7D5FEDE
:1056200025208DF8000000208DF8010001208DF864
:1056300002008DF803006846FCF718FE0194002074
:10564000ADF80800ADF80A00ADF80C00ADF8100098
:105650000C20ADF80E0001A90C48FDF743FD01A98F
:105660000A48FDF73FFD012240F225510748FDF7AA
:1056700014FD002240F224410448FDF70EFD0121F3
:105680000248FDF779FC06B010BD0000003801406B
:1056900000080140FF2912D00BE000BF104A128819
:1056A00002F04002002AF9D002780D4B1B1D1A802F
:1056B000401C0A00A1F10103D9B2EED10FE00BE0CA
:1056C00000BF074A128802F04002002AF9D002788F
:1056D000034B1B1D1A80401C0278002AF0D1704732
:1056E0000038014010B500290AD00878002807D0FA
:1056F00005487844FBF7B4F8002801D0002010BD1D
:105700000248784410BD00006E4E0000664E000056
:1057100021F00042A2F16052B2F5801F01F0004377
:1057200028BFD2F17F6C0BD95FEA001C43EAC202AA
:1057300042EB507018BF704728BF20F0010070473F
:10574000B2F5801FBCBF184670474FEA410C1CF5EC
:10575000001F02D2084600F028BE70B500F02EFBF4
:1057600000000089FFF7F6BF4FF00040A0F5800071
:105770007047000010B591EA030F48BF83F0004363
:1057800000F1A084841A71EB030C05D2121943EBCB
:105790000C03001B61EB0C01DFF824E14FEA11540C
:1057A000A4EB135C1EEA430F18BF9EEA445F73D05C
:1057B00023EA0E03DCF1200E21EA045143F48013A6
:1057C00032D322FA0CFE10EB0E0023FA0CFE41EB52
:1057D0000E01CCF1200E03FA0EFE10EB0E0051F17B
:1057E0000001B1F5801FCCF1200E32D201EB045143
:1057F00012FA0EF2BDE8104058BF7047401C38BF87
:105800005FEA420218BF7047002814BF20F0010071
:1058100041F100014FEA410313F5001F38BF704703
:10582000A1F1C04100F018BB012A43EB0302ACF127
:10583000200CDCF11F0E32BF4FF0000E23FA0CF3E8
:1058400010EB030041EB0451B4EB115FD0D0A1EB9E
:10585000045101F5801149085FEA300001EB045161
:105860000ED350F1000038BF12FA0EFE08D1BDE889
:105870001040C9E7401C38BF5FEA4202CAD1C3E703
:10588000BDE810404FEA410313F5001F38BF7047D1
:10589000A1F1C04100F0E0BA9EEA445F08D011EAED
:1058A0005E0FBDE8104004BF01F0004100207047CA
:1058B000BDE8104070B500F081FA00BF64FBBE3E49
:1058C0000000E0FF02494FF0000000F073BD00BF90
:1058D0000000F87F491058BFC1F140415B1058BF2C
:1058E000C3F140438B42EFF3008070472DE9C04184
:1058F00030B4DFF8A0C23CEA111418BF3CEA13141C
:1059000000F0EC8081EA03051CEA111444EAD57426
:1059100018BF1CEA131500F0C780A4EB05044FF074
:10592000004545EAC12145EAC32341EA505143EA13
:10593000525304F17F74994204F500344FEAC020B9
:105940004FEAC22208BF904200F09C804FEA1365E4
:105950000FF24016765D4FEA134506FB05F7C7F1D7
:10596000807706FB07F74FEAD737A7FB0368764235
:10597000C8F58038A7FB06CE38BFA8F1010807FBA1
:1059800008E64FF0000EA6FB028CE6FB03CEDCF12E
:10599000000CCEF1004E38BFAEF1010EA6FB0C5844
:1059A0004FF000074FF00005E6FB0E87A1FB08C68D
:1059B000A0FB07CE16EB0E0645F10005E1FB0765DF
:1059C00015F1E04E7EBFA4F580345FEA46066D41D6
:1059D00016F1800745F100054FEA17274FEA0666E2
:1059E00047EA0567A6F1DE46B6F1805F4FEA152566
:1059F0001FD9384624F0010C05EBC471BCF1FE6FD1
:105A000001EB0C1102D8F0BCBDE8008124425CBF60
:105A100001F5801E9EEAC47F02D4F0BCBDE800817F
:105A2000244238D4F0BCA1F1C041BDE8004100F0EF
:105A300013BA4FEAD22242EA43524FEAD323A7FBDA
:105A400002864FEAD02040EA415007FB03661EEA77
:105A50000E0F4FEAD12105FB026658BFA6EB005698
:105A6000B6EB00564FEA520E4EEAC37E18EB0E0E0E
:105A700056EB530EBDD518EB02085E417F1C55F165
:105A80000005B6E74FF480154FF000074FF0000611
:105A90004FF00008ADE7F0BC4FF0000001F1C0414D
:105AA00001F00041BDE8008111EA0C1F0CEA13155A
:105AB00000D00CE013EA0C1F00F025804FF000002E
:105AC000F0BC81EA030101F00041BDE80081F0BCB7
:105AD000BDE8004181EA030100F0BEB9F0BCBDE8B9
:105AE000004170B500F06AF9097EFC3E00F007B88D
:105AF00081EA03014FF0000001F00041704781EAA4
:105B0000030100F0A9B9F0BCBDE800414FF000006E
:105B100021497047FFFDFBF9F7F5F4F2F0EEEDEBEC
:105B2000E9E8E6E4E3E1E0DEDDDBDAD8D7D5D4D39B
:105B3000D1D0CFCDCCCBCAC8C7C6C5C4C2C1C0BFE7
:105B4000BEBDBCBBBAB9B8B7B6B5B4B3B2B1B0AFED
:105B5000AEADACABAAA9A8A8A7A6A5A4A3A3A2A1D1
:105B6000A09F9F9E9D9C9C9B9A999998979796958C
:105B700095949393929191908F8F8E8E8D8C8C8B28
:105B80008B8A8989888887878685858484838382B0
:105B9000828181800000FF070000F87F10F0004242
:105BA00048BF4042B0FA80F310FA03F10AD0C3F1C3
:105BB0001D0303F580634FEA415002EB035202EBF1
:105BC000D12170474FF000007047B0FA80F310FA0F
:105BD00003F10AD0C3F11D0303F580634FEA41507E
:105BE0004FEA035202EBD12170474FF0000070479B
:105BF00051EA030C17D41CF5801F58BFBCF5801F59
:105C000000F10680994218BF704708BF9042704764
:105C100007D711F5801F58BF13F5801F19D499427B
:105C20007047894270471CF5801F08D5BCF5801F5E
:105C3000F7D58B4218BF704708BF824270474FF4B8
:105C4000001C1CEB410F38BF1CEB430F01D28B42F1
:105C5000704770B500F0B2F8922449004FF000513F
:105C60004FF08053FFF736BEDFF848C170B51CEA2D
:105C7000111E1EBF1CEA13159EEA0C0F95EA0C0FAD
:105C800000F06F8081EA030423EA4C134EEAD47ECD
:105C900021EA4C1141F4801143F48013AE44A1FB7E
:105CA000024CA0FB0365AEF17F7E361955EB0C0567
:105CB000A1FB034C4CF10003A0FB021C16EB0C06ED
:105CC000654153F10003094218BF46F0010613F481
:105CD000007F0BD14FEA03314FEA0530340341EA2C
:105CE000155140EA16506FF003020AE04FEAC32153
:105CF0004FEAC520F40241EA555140EA56506FF090
:105D0000020202EB2E4201EB025585EACE710AD067
:105D10005FEA440C18BF24F0004450F1000041F148
:105D2000000120EAD47040F2FE7C624500D270BDD2
:105D3000A84214BF4FF080444FF04044002E08BFEB
:105D40000024BEF1806FA8BFA1F1C041BDE8704042
:105D500080F282804FF0000001F1C04101F000416B
:105D600070479EEA0C0F0CEA131518BF95EA0C0F4A
:105D700006D04FF0000081EA030E0EF0004170BD26
:105D800000F01CF88900013E00F007B800F009B8E7
:105D90004FEA430C5FEA5C5C08D081EA030100F043
:105DA0005BB84FEA410C5FEA5C5CF6D14FF0000053
:105DB000014970470000FF070000F87F0EF1020E56
:105DC0002EF0030E5EF8046B364205D4012A43EB35
:105DD000030515F5001F12D8012841EB010C1CF535
:105DE000001F0CD80ED14FEAD17C15F5001F0CEB2B
:105DF0004C0C0CF1020C08BF4CEBD37C04E04FF0D0
:105E0000080C01E04FEAD37C0CEB4C0526FA05F6B2
:105E100006F00706B6F1040C06D20EEB860CBDE8C0
:105E200070404CF0010C6047DFE80CF0090B0202F7
:105E30004FF000414FF00000A1F5002170BD194660
:105E40001046012851EB010418BFD4F5001484BF9B
:105E5000002001F0004170BD0808A0F500114FEAD4
:105E60003101704753EA010C17D41CF5801F58BF4D
:105E7000BCF5801F00F106808B4218BF704708BF39
:105E80008242704707D713F5801F58BF11F5801F56
:105E900019D48B4270479B4270471CF5801F08D570
:105EA000BCF5801FF7D5994218BF704708BF9042D4
:105EB00070474FF4001C1CEB430F38BF1CEB410F25
:105EC00001D2994270470FB40CBC03BCFFF7C1BEAE
:105ED00091EA030F10B581F000413FF553AC83F018
:105EE000004300F0EFB800002DE9F04101F5801CFF
:105EF000BCF5001FC0F2C3804FEA115C21EA0C51CF
:105F00000CF1FD0C41F480115FEA5C0C0CF5C07CD7
:105F100001D3400049413DA4890241EA90518702E2
:105F20008E0E0A0CA45D04FB04F602FB06F6C6F115
:105F30004046A4FB0662F60D46EA422606FB06F43E
:105F4000A4FB01235242C3F1404338BF5B1EA6FBB2
:105F500002420024E6FB0324D20B42EA4446A6FB9D
:105F60000623A1FB02E2A3FB07E4A4184FF0000202
:105F700052F10002E3FB01426442C2F1404E38BFDD
:105F8000AEF1010EA6FB04234FF00002E6FB0E3239
:105F9000A2FB03464FF00004B61954F10004E2FBE3
:105FA0000264A1FB06E6A4FB07E816EB08064FF027
:105FB000000858F10008E4FB01687642C8F1405837
:105FC00038BFA8F10108A2FB06E4A3FB08E52D19E0
:105FD0004FF0000454F10004E2FB0854A1FB05E675
:105FE000A7FB04E818EB06084FF0000656F1000680
:105FF000E1FB048618F1200556F10006A809A8F176
:106000001B08B10908F03F08B8F10A0F40EA8660A2
:106010001CD901EB0C51BDE8F08100BFFCF5EEE8A6
:10602000E2DDD8D3CFCBC7C3C0BDB9B6B4B1AEAC37
:10603000A9A7A5A3A19F9D9B9A9896959392908FAF
:106040008D8C8B898887868584838281A0FB0068FC
:1060500000FB01F208EB4208B8EB872807D534189B
:1060600058EB0104D5D5401C51F10001D1E7341A99
:1060700078EB0104CDD4401E71F10001C9E75FEA5D
:106080004C0C5FEA9C5C0DD105D34FF0000001F091
:106090000041BDE8F081BDE8F04170B5FFF78EFE2C
:1060A0006DDBFFBEBDE8F0414FF0000000497047D6
:1060B0000000F87F10B591EA030F48BF83F000435A
:1060C0003FF560AB841A71EB030C07D212198CF008
:1060D000004C43EB0C03001B61EB0C01DFF8A4E167
:1060E0004FEA1154A4EB135C1EEA430F18BF9EEA5B
:1060F000445F00F0B08023EA6E03524221EA04516B
:10610000C3EB6E0338BF5B1EDCF1200E25D322FAF1
:106110000CFE10EB0E0043FA0CFE41EB0E01CCF12D
:10612000200E03FA0EFE10EB0E0051F10001CCF12F
:10613000200E29D412FA0EF201EB0451BDE81040F2
:1061400058BF7047401C1CBFB2F1004F7047002879
:106150000CBF491C20F00100704712EB020E43EB0C
:10616000030218BF4FF0010E4EEA4202ACF1200CC0
:10617000DCF11E0E54D943FA0CFE10EB0E0051F167
:10618000FF31CCF11E0ED5D50EF1010E12FA0EFE26
:10619000404141EB010101EB445C5FEA5C5C10D9DA
:1061A00010EBDE7001EB045138BFBEF1004FBDE8CB
:1061B000104018BF704700280CBF491C20F0010098
:1061C000704730D24FEAD42C11F5001124F400644A
:1061D0001BD0B1FA81F20B3AA41AA41ED2F120030B
:1061E000914030FA03F31943904001EBCC71002C3D
:1061F00001EB0451BDE81040A8BF704701F1C04158
:106200004FF0000001F000417047B0FA80F310FA3F
:1062100003F100D110BDE41A173C4805C90AE4E7B0
:1062200001EB045110BD491001EB0451BDE81040D1
:106230004FEA300002E04FF0000170474A0008BF0B
:106240000042F8D0B2F5001F28BF704701F00041AE
:106250004FF0000070479EEA445F07D011EA5E0FDE
:10626000BDE8104004BF002100207047BDE8104089
:1062700070B5FFF7A3FD00BF40DFF63E83F000419D
:10628000104670470000E0FF43004FEAD30C4FEA8E
:106290003C0C43401FBF40070CF1605113F0FE4F10
:1062A00070471CF0006F03D100200CF000417047D4
:1062B0000CF0004343EA507010B540EACC0000F007
:1062C0002EF800BF000000924FEA0001FFF7C4BDA6
:1062D0004FF000414FF00000A1F500217047000091
:1062E000C10DD1F19E0206DB4FEA002343F00043CB
:1062F00023FA02F07047004207D54FEA4001B1F19E
:10630000FE4F02D24FF00000704710B500F007F8C2
:1063100049922480002070476FEA200070470EF1F8
:10632000020E2EF0030E5EF8044B244204D44FEA12
:106330004102B2F17F4F11D84FEA4003B3F17F4FD2
:106340000CD80ED14FEAD07CB2F17F4F0CEB4C0C45
:106350000CF1020C08BF4CEBD17C04E04FF0080CB0
:1063600001E04FEAD17C0CEB4C0324FA03F404F077
:106370000704B4F1040C06D20EEB840CBDE8104007
:106380004CF0010C6047DFE80CF0070802024FF008
:106390000040A0F5800010BD0846420018BFD2F1B1
:1063A000807288BF00F0004010BDFF2141EAD0504C
:1063B000C00570470CF00F03092B08BF082000F040
:1063C00059800A2B0BD0082B18BF704708BF1CF050
:1063D000400F0AD04FF000004FF0000170471CF052
:1063E000400F18BF4FF0004070471CF0100F08D04E
:1063F00020F0704300F07F4242EAD3014FEA43703D
:10640000704700F0604021F07F4242EA000201F054
:106410007F4040EA727070474FF0FF0C4CF4E06C24
:106420001CEA11531CBF9CEA030C9445C2BFDA421C
:1064300001EB02517047002B0DD0BCF1000F0FD0C3
:10644000002A01F00041A4BF41F0E04141F07F612A
:106450004FF00000704701F000414FF0000070471E
:1064600050EA01334FF09B0C18BF4CF0806C7FF466
:1064700029AA70471CF4801F11D01CF4E02F03D010
:106480006FEACC31490070474FF04050EFF3008283
:1064900022F0704242EA000282F3008870474FF017
:1064A0000000704700000000000000000000000035
:1064B000000000000010101010101010101000004C
:1064C0001010000000006C6C24240000000001008B
:1064D000000000000024242424FE48484848FC9082
:1064E0009090900000103C549290503814121292E8
:1064F000547810000000225C94A8481010242A52FE
:1065000054880000000030484850206E54948C8815
:106510008A740000000030301010000000000000FD
:10652000000000000004081010202020202020106F
:1065300010080400008040202010101010101020BF
:106540002040800000000000105438103854100023
:106550000000000000000010101010FE10101010BD
:10656000000000000000000000000000000000002B
:106570001010200000000000000000FE00000000DD
:10658000000000000000000000000000000000000B
:106590007070000000000404080810102020404023
:1065A000808000000000003E76636363636363677E
:1065B0003E1C00000000000C1C7C7C1C1C1C1C1CD5
:1065C0001C1C00000000003E776307060E0C18300C
:1065D0007F7F00000000003E7763070E0E07036315
:1065E000761C0000000000060E1E1E367666FF06B2
:1065F000060600000000003F7060787E670303E736
:106600007E3C00000000000C1C18387E736363633E
:10661000773E00000000007F0307060E0C1C1818D0
:10662000383800000000003E6763677E7E63E363E6
:10663000773E00000000003E67E3E3E77E3E0C1C6F
:1066400018380000000000001C1C000000001C1C8A
:10665000000000000000000010100000000000100A
:10666000102000000000000006186080601806007E
:1066700000000000000000000000FE0000FE00001E
:106680000000000000000000C0300C020C30C00010
:10669000000000000038448282020408101010003C
:1066A0001010000000003844829AAAAAAAAAAA964A
:1066B00080423C00000010101028282844447C44EC
:1066C00044EE00000000FC424242427C4242424210
:1066D00042FC000000003C448280808080808282F6
:1066E000443800000000F8444242424242424242E2
:1066F00044F800000000FC444240447C44404042D6
:1067000044FC00000000FC444240447C44404040C3
:1067100040F000000000344C828080808E848484AD
:106720004C3400000000EE444444447C444444445F
:1067300044EE000000007C1010101010101010101B
:10674000107C000000003E080808080808080888B7
:10675000887000000000EE444848506050484844AB
:1067600044EE00000000E0404040404040404042D5
:1067700044FC00000000C6446C6C6C545454444407
:1067800044EE00000000CE4464646454544C4C4C0D
:1067900044E4000000003844828282828282828245
:1067A000443800000000F8444242424478404040EF
:1067B00040E000000000384482828282828282BAF5
:1067C000443C02000000F0484444444870484444BB
:1067D00044E6000000003C44828040300C0202820B
:1067E0004478000000007C5492101010101010101B
:1067F000103800000000EE444444444444444444FF
:10680000443800000000EE4444444428282828105E
:10681000101000000000EE445454545454542828DE
:10682000282800000000EE4444282810102828449E
:1068300044EE00000000EE444428282810101010F8
:106840001038000000007E44840808102020408298
:1068500084FC0000001C10101010101010101010FC
:1068600010101C000000EE445454FE5454542828C8
:1068700028280000007010101010101010101010B8
:10688000101070000030488400000000000000007C
:1068900000000000000000000000000000000000F8
:1068A0000000FE000040200000000000000000008A
:1068B000000000000000000000007884047C848454
:1068C0008C7600000000C040404058644242424282
:1068D0006458000000000000000038448080808080
:1068E0004438000000000C040404344C8484848484
:1068F0004C360000000000000000788484FC80809A
:1069000084780000000018242020F8202020202077
:10691000207000000000000000003A444478807CB1
:1069200082827C000000C04040405864444444449B
:1069300044EE000000001010000030101010101085
:10694000103800000000101000003010101010105F
:10695000109060000000C04040405C4850605048CB
:1069600044EE000000003010101010111010101034
:1069700010390000000000000000ACD29292929208
:1069800092D6000000000000000058E44444444453
:1069900044EE000000000000000038448282828241
:1069A00044380000000000000000D8644242426405
:1069B0005840E0000000000000000000000000005F
:1069C0000000000404040404000004000014140A7D
:1069D00000000000000000000000000A0A1F0A0A70
:1069E0001F0A0A000000040E1505060C14150E04FB
:1069F00000000012150D152E2C2A120000000004B4
:106A00000A0A3615152916000002020100000000CE
:106A10000000000000100808040404040408081022
:106A2000000204040808080808040402000000002A
:106A300004150E0E150400000000000008083E08B2
:106A40000800000000000000000000000002020139
:106A50000000000000003F000000000000000000F7
:106A600000000000000002000000201010080804D0
:106A7000040202010000000E1111111111110E008B
:106A8000000000040604040404040E000000000ECC
:106A90001111080402011F000000000E11100C105B
:106AA00010110E00000000080C0C0A091F081C0041
:106AB0000000001F01010F1110110E000000000C5A
:106AC00012010D1311110E000000001E1008080421
:106AD000040404000000000E11110E1111110E002B
:106AE0000000000E11111916100906000000000028
:106AF000000400000000040000000000000004008A
:106B00000000040400000010080402020408100041
:106B100000000000003F003F0000000000000002F5
:106B200004081010080402000000000E11110804EF
:106B3000040004000000001C22292D2D1D221C0031
:106B400000000004040C0A0A1E1233000000000FAB
:106B500012120E1212120F000000001E110101018C
:106B600001110E000000000F1212121212120F007B
:106B70000000001F120A0E0A02121F000000001F70
:106B8000120A0E0A020207000000001C120101395D
:106B900011120C000000003312121E1212123300E8
:106BA0000000001F0404040404041F000000003E51
:106BB000080808080808080907000037120A060A2A
:106BC00012123700000000070202020202223F00F8
:106BD0000000003B1B1B1B15151535000000003B7A
:106BE0001216161A1A1217000000000E11111111B8
:106BF00011110E000000000F12120E020202070017
:106C00000000000E1111111117190E180000000FCD
:106C100012120E0A121237000000001E110106089F
:106C200010110F000000001F1504040404040E00DE
:106C3000000000331212121212120C000000003376
:106C400012120A0A0C040400000000151515150E96
:106C50000A0A0A000000001B0A0A04040A0A1B00B0
:106C60000000001B0A0A0A0404040E000000001FB2
:106C70000908040402121F00001C04040404040494
:106C80000404041C00000202040404080808101094
:106C9000000E0808080808080808080E00040A0082
:106CA00000000000000000000000000000000000E4
:106CB000000000003F02040000000000000000008F
:106CC0000000000000000C121C123C000000030237
:106CD00002020E1212120E000000000000001C1230
:106CE00002120C000000181010101C1212123C00AE
:106CF0000000000000000C121E021C0000001824FE
:106D000004041E0404041E000000000000003C12E5
:106D10000C021C221C00030202020E121212370087
:106D2000000004040000060404040E00000008082B
:106D300000000C08080808080700030202021A0AEB
:106D4000060A1300000007040404040404041F00DE
:106D50000000000000000F151515150000000000D0
:106D600000000F12121237000000000000000C1289
:106D700012120C000000000000000F1212120E028E
:106D80000700000000001C1212121C103800000046
:106D900000001B06020207000000000000001E02A7
:106DA0000C101E000000000004041E0404041C005B
:106DB0000000000000001B1212123C000000000046
:106DC00000001B0A0A040400000000000000151562
:106DD0000E0A0A000000000000001B0A040A1B0043
:106DE0000000000000003312120C08040300000031
:106DF00000001E0804041E000018080808080C08FB
:106E000008080818000808080808080808080808FA
:106E10000806040404040804040404060016090017
:106E20000000000000000000000000000000000062
:106E30000000000000000000000000000000000052
:106E40000000000000000000000000000000000042
:106E50000000000000000000000000000000000032
:106E60000060006000600060006000600060004042
:106E700000200020002000000000000000600060F2
:106E800000600000000000000000000000600660DC
:106E90000630039801880044000000000000000054
:106EA00000000000000000000000000000000000E2
:106EB00000000000000000000000000000000000D2
:106EC000001002100210021002FE07FE070802085E
:106ED00001080108010801FE07FE0704010401047E
:106EE000010401000000000000000000000000405C
:106EF000004000F00158034C03CC034C00580070D4
:106F000000E000C001C00140034C035C034C034897
:106F100001F0004000400000000000000000000000
:106F2000000E010A01910091009100510051003AB8
:106F300000AE03A0025004500448044804480484EE
:106F400002840300000000000000000000000000B8
:106F50000038006C006C006C006C006C002C009819
:106F6000071C011A01330133016301E300C308C6A2
:106F7000093C07000000000000000000000C001C9D
:106F800000100010000800040000000000000000D5
:106F900000000000000000000000000000000000F1
:106FA00000000000000000000000000000000400DD
:106FB00002000180008000400040002000200020EE
:106FC00000200020002000200040004000800080C1
:106FD00000000100020004000000000000020004A4
:106FE0000008001000100020002000400040004079
:106FF0000040004000400040002000200010001031
:107000000008000400020000000000000000000072
:1070100000000000004000C0004000460C4E0FD0B1
:1070200001F0015E0F460C400040004000000000EF
:107030000000000000000000000000000000000050
:107040000000000000000040004000400040004000
:1070500000FE0F40004000400040004000000000E3
:107060000000000000000000000000000000000020
:107070000000000000000000000000000000000010
:10708000000000000000000000000000000C001CD8
:1070900000100010000800040000000000000000C4
:1070A00000000000000000000000000000000000E0
:1070B00000FE0700000000000000000000000000CB
:1070C00000000000000000000000000000000000C0
:1070D00000000000000000000000000000000000B0
:1070E000000000000000000000000000001C001C68
:1070F000001C000000000000000000000000040070
:1071000006000200030001000180008000400040F2
:107110000060002000200010001000080008000C93
:107120000004000600020000000000000000000053
:1071300000F000F803BC071C070E070E0E0E0E0E23
:107140000E0E0E0E0E0E0E0E0E0E071C07BC07F8CE
:1071500003E000000000000000000000000000004C
:1071600000C000E000F000F800FC00EC00E000E0EF
:1071700000E000E000E000E000E000E000E000E00F
:1071800000000000000000000000000000000000FF
:1071900000F001FC039C070E070E070007000780A4
:1071A000038003C001E000F00078003C001C00FEFA
:1071B0000F000000000000000000000000000000C0
:1071C00000F001F8031C070E070E0700070007E098
:1071D00003E00380070007000E0E0E0E079C07F861
:1071E00003F00000000000000000000000000000AC
:1071F0000000038003C003C003E003F003F003B802
:10720000039C039C038E03FF0FFF0F80038003800A
:10721000030000000000000000000000000000006B
:10722000000000FC071C001C001C000C00FE03DE1C
:10723000070E070007000E000E07070E078E07FC5B
:1072400003F000000000000000000000000000004B
:1072500000C003C001E000E00070003800F801FC4D
:10726000071C0F0E0E0E0E0E0E0E0E0E0E1C07F845
:1072700007F0010000000000000000000000000016
:10728000000000FE0F000E0007000780038003C00F
:1072900001C001E000E000E0007000700070003804
:1072A00000000000000000000000000000000000DE
:1072B00000F000FC031C070E070E070E079C07FCDE
:1072C00003FC039E070E0E0E0E0E0E0E0E1E07FC86
:1072D00003F00100000000000000000000000000BA
:1072E00000F000FC039E070E070E0F070F0E070E9F
:1072F000079E07FC03F003C001E001E0007000708E
:10730000003800000000000000000000CEC20F8026
:1073100088804F8008800F8080005FC01540354016
:10732000554095403FE0B6C802007FE048807FE0CE
:1073300048804F8040005FC04840448043009CE04C
:10734000A1E6000000004000A74048C01040100027
:1073500010001000102008400780CAAA80005FC0FB
:1073600010401FC090405FC005002520154045001B
:1073700085003FE0D1CC2FE028202920B920AFE0C4
:10738000A920A9202AA02C6058204FE08820CEED0B
:107390007FC00400FFE0A4A03F8051000E003180B8
:1073A000C8603F8010806180D7D4040008007FC08F
:1073B000404040407FC0404040407FC0404040404F
:1073C0007FC0B6AF01007100010003E0F920212069
:1073D000412051208920FA20022004C0CAD603C0CF
:1073E0007C00040004007FC004000400FFE00400EF
:1073F000040004001C00C4A322802FE02280F7C0F8
:10740000244067C07440A7C021002FE022802C6078
:10741000CABD014001200100FFE0010001007D0024
:107420001100108010A01E60E020CCEC00007FC096
:10743000040004000400FFE004000A000A00110038
:107440002080C060C8BB2140392049006FE0910016
:107450005280228044408820000052408920C6F893
:1074600020003FE04000BFC000007F80008000801F
:10747000008000A000600020C5C5228022802EE090
:10748000F28022802EE03280E2802EE02280228074
:107490006280B7E700007F80408042806280548035
:1074A0004880488054A062A040608020C9C8020083
:1074B0007FE040207FE040007DE0442054A04C600D
:1074C00054A065208C60CBAE0400040004207640FC
:1074D00016801500150024802480444084201C0060
:1074E000B1C3FFE010003FC06040A0403FC0044077
:1074F000F68015002480C4600C00CEDE00007FC042
:10750000040004000400FFE00A000A001200222028
:10751000422081E0BBF00400040024402440248089
:1075200044000A000A00110011002080C060D3D07E
:1075300008000800FFE010003FC06040BFC02040CE
:107540003FC02040204020C0B9D82080110000005A
:107550007FC004000400FFE004000A001100208046
:10756000C060BFAA00007FC011001100110011000F
:10757000FFE011001100210021004100B6E62100CA
:10758000708057E074205000F22052407280530007
:1075900052205220B1E0BBFA200027802480F480E2
:1075A000248074806C80A480248024A028A0306073
:1075B00000000000000000000000000000000000CB
:1075C00000000000000000000000CCEC00003FFCC8
:1075D0000180018001800180FFFF018003C003C0A2
:1075E000066006600C301818300CE007C8BB183075
:1075F000183C1F3633303BFF6F30F6781E780CCCCA
:1076000018CC3186630300006CCC6666C666C6F88B
:10761000180018003FFE30006FF8C0003FF8001857
:107620000018001800180018000F000F00070003D2
:10763000D7D40180030006001FF81818181818186E
:107640001FF8181818181FF81818181818181FF805
:107650001818B6AF006000607E60006001FE006632
:10766000FF663066306630C66CC666C6FF866786C3
:10767000033C0618CAD6001800FC3F800180018038
:107680003FFC018001800180FFFF018001800180BB
:10769000018007800300C4A3199819981FFE199848
:1076A000FE001BFC3B0C3FFC7F0C7BFCD8601FFEEC
:1076B00018F019981B0C1E07CABD006C0066006606
:1076C0000060FFFF006000603F600C600C600C30E9
:1076D0000C330F9B7C0F30070003C9E8000031F822
:1076E000199819980198030FFE001BFC198C199822
:1076F00018D81EF01C6018F0039C0E07D6C37FFE3E
:1077000066667FFE01807FFE01801FF818181FF853
:1077100018181FF818181FF81818FFFF0000B2CB30
:107720000C300C30FFFF0C30001800FC3F80199823
:107730000C3001807FFE07E00DB0399CE1870180AD
:10774000B5A518180C3006603FFC318C318C3FFC1D
:10775000318C318C3FFC01800180FFFF0180018072
:107760000180CEC2000033FC1B0C1B0CC3FC630C5D
:10777000630C1BFC180037FEF6F636F636F636F6C6
:107780003FFF0000B6C8018000C03FFF33303330F8
:107790003FFE3330333033F030003FF8361863307B
:1077A00061E0C7383C0FD6F70300018000007FFE80
:1077B00001800180018001803FFC01800180018007
:1077C00001800180FFFF0000CAAA000037FC1E0CE8
:1077D0001E0CC7FC660C660C1FFC19B031B0FDB660
:1077E00037BC33B831B03FFF0000D1CC18001BFFCD
:1077F0001B031F337F337B337BFFDB331B331B7B4D
:107800001B6F3FCF3783630363FFC303CEED3FFCA2
:1078100001807FFF6183DFFE01801FF806000FF00B
:107820001E6003C01E78F30F0FF006301C70D1A14C
:10783000006033601B601BFC06600060FFFE19B037
:1078400019B019B01B361B361E1E3C0067FF000026
:10785000D4F1300037FC330C3198F8F0306031F857
:10786000376F3860F3FC3060306037FE3060F060B6
:107870006060000000000000000000000000000048
:1078800000000000000000000000000000000000F8
:1078900000000000000000000000000000000000E8
:1078A00000000000000000000000000000000000D8
:1078B00000000000000000000000000000000000C8
:1078C00000000000000000000000000000000000B8
:1078D00000000000000000000000000000000000A8
:1078E000FFFFFFFFFFFFFFFFFFFFFFFFFFFFFFFFA8
:1078F000FFFFFFFFFFFFFFFFFFFFFFFFFFFFFFFF98
:10790000FFFFFFFFFFFFFFFFFFFFFFFFFFFFFFFF87
:10791000FFFFFFFFFFFFFFFFFFFFFFFFFFFFFFFF77
:10792000FFFFFFFFFFFFFFFFFFFFFFFFFFFFFFFF67
:10793000FFFFFFFFFFFFFFFFFFFFFFFFFFFFFFFF57
:10794000FFFFFFFFFFFFFFFFFFFFFFFFFFFFFFFF47
:10795000FFFFFFFFFFFFFFFFFFFFFFFFFFFFFFFF37
:10796000FFFFFFFFFFFFFFFFFFFFFFFFFFFFFFFF27
:10797000FFFFDED73C471B3F7D87FFFFFFFFFFFF79
:10798000FFFFFFFFFFFFFFFFFFFFFFFFFFFFFFFF07
:10799000FFFFFFFFFFFFFFFFFFFFFFFFFFFFFFFFF7
:1079A000FFFFFFFFFFFFFFFFFB2E1B2F1B2F1B2FD8
:1079B0001B2F1B2F1B2F1B2F1B2F1B2FBDBFFFFF91
:1079C000FFFFFFFFFFFFFFFFFFFFFFFFFFFFFFFFC7
:1079D000FFFFFFFFFFFFFFFFFFFFFFFFFFFFFFFFB7
:1079E0001B2F1B2F1B2F1B2F1B2F1B2F1B2F1B2F47
:1079F0001B2F1B2F1B2F1B2F1B2F1A2FFFFFFFFFD0
:107A0000FFFFFFFFFFFFFFFFFFFFFFFFFFFFFFFF86
:107A1000FFFFFFFFFFFFFFFFFFFF1B2F1B2F1B2F92
:107A20001B2F1B2F1B2F02E002E002E002E81B2F9E
:107A30001B2F1B2F1B2F1B2F1B275C6FFFFFFFFF15
:107A4000FFFFFFFFFFFFFFFFFFFFFFFFFFFFFFFF46
:107A5000FFFFFFFF1B2F1B2F1B2F1B2F1B2F1B2F6E
:107A6000A7B97DEF7DEF7DEF7DEF46C11B2F1B2F6B
:107A70001B2F1B2F1B2F1B2F3B47FFFFFFFFFFFF62
:107A8000FFFFFFFFFFFFFFFFFFFFFFFFFFFF1B2FBA
:107A90001B2F1B2F1B2F1B2F1B2F1B2FA8B97DEF5D
:107AA0007DEF7DEF7DEF46C11B2F1B2F1B2F1B2F63
:107AB0001B2F1B2F1B2FFEE7FFFFFFFFFFFFFFFF0B
:107AC000FFFFFFFFFFFFFFFFFB2E1B2F1B2F1B2FB7
:107AD0001B2F1B2F1B2F1B2FA8B97DEF7DEF7DEFD9
:107AE0007DEF46C11B2F1B2F1B2F1B2F1B2F1B2F67
:107AF0001B2FFB2EFFFFFFFFFFFFFFFFFFFFFFFF1F
:107B0000FFFFFFFFFB2E1B2F1B2F1B2F1B2F1B2FDE
:107B10001B2F1B2FA8B97DEF69FA69FA7DEF46C1CB
:107B20001B2F1B2F1B2F1B2F1B2F1B2F1B2F1B2F05
:107B30001B2FFFFFFFFFFFFFFFFFFFFFFFFFFB2EDE
:107B40001B2F1B2F1B2F1B2F1B2F1B2F1B2F1B2FE5
:107B5000A8B97DEF00F800F87DEF46C11B2F1B2F61
:107B60001B2F1B2F1B2F1B2F1B2F1B2F1B2FFFFF11
:107B7000FFFFFFFFFFFFFFFFFFFF1B2F1B2F1B2F31
:107B80001B2F1B2F1B2F1B2F1B2F1B2FA8B90000D8
:107B9000000000F87DEF46C11B2F1B2F1B2F1B2F52
:107BA0001B2F1B2F1B2F1B2F1B2FDFDFFFFFFFFFA9
:107BB000FFFFFFFFFFFF1B2F1B2F1B2F1B2F1B2F59
:107BC0001B2F1B2F1B2F1B2FA8B97DEF00F800F8D0
:107BD0007DEF46C11B2F1B2F1B2F1B2F1B2F1B2F76
:107BE0001B2F1B2F1B2F1B2FFFFFFFFFFFFFFFFF75
:107BF000FB2E1B2F1B2F1B2F1B2F1B2F1B2F1B2F56
:107C00001B2F1B2FA8B90000000000F87DEF46C114
:107C10001B2F1B2F1B2F1B2F1B2F1B2F1B2F1B2F14
:107C20001B2F1B2FFFFFFFFFFFFFFFFF1B2F1B2F34
:107C30001B2F1B2F1B2F1B2F1B2F1B2F1B2F1B2FF4
:107C4000A8B97DEF00F800F87DEF46C11B2F1B2F70
:107C50001B2F1B2F1B2F1B2F1B2F1B2F1B2F1B2FD4
:107C6000FFFFFFFFFFFFFFFF1B2F1B2F1B2F1B2FF4
:107C70001B2F1B2F1B2F1B2F1B2F1B2FA8B97DEF7B
:107C800000F800F87DEF46C11B2F1B2F1B2F1B2F69
:107C90001B2F1B2F1B2F1B2F1B2F1B2FFFFFFFFF2C
:107CA000FFFFFFFF1B2F1B2F1B2F1B2F1B2F1B2F1C
:107CB0001B2F1B2F1B2F1B2FA8B97DEF00F800F8DF
:107CC0007DEF46C11B2F1B2F1B2F1B2F1B2F1B2F85
:107CD0001B2F1B2F1B2F1B2FFFFFFFFFFFFFFFFF84
:107CE0005C5F1B2F1B2F1B2F1B2F1B2F1B2F1B2FD3
:107CF0001B2F1B2FA8B97DEF00F800F87DEF46C1C0
:107D00001B2F1B2F1B2F1B2F1B2F1B2F1B2F1B2F23
:107D10001B2F1B2FFFFFFFFFFFFFFFFFFFFF1B2F8F
:107D20001B2F1B2F1B2F1B2F1B2F1B2F1B2FFA2E25
:107D300002E07DEF00F800F87DEF02E81B2F1B2F1B
:107D40001B2F1B2F1B2F1B2F1B2F1B2F1B2F1B27EB
:107D5000FFFFFFFFFFFFFFFFFFFF1B2F1B2F1B2F4F
:107D60001B2F1B2F1B2F1B2F1B2F01E07DEF7DEFE8
:107D700000F800F87DEF7DEF02E81B2F1B2F1B2F73
:107D80001B2F1B2F1B2F1B2F1B2FFFFFFFFFFFFF87
:107D9000FFFFFFFFFFFF1B2F1B2F1B2F1B2F1B2F77
:107DA0001B2F1B2F1B2F7DEF7DEF00F800F800F835
:107DB00000F87DEF02E0FB2E1B2F1B2F1B2F1B2F2C
:107DC0001B2F1B2FFB2EFFFFFFFFFFFFFFFFFFFF00
:107DD000FFFFFFFF1B2F1B2F1B2F1B2F1B2F1B2FEB
:107DE00084D07DEF7EEF00F800F800F800F87DEF1A
:107DF0009AEE1B2F1B2F1B2F1B2F1B2F1B2F1B2FF5
:107E0000BEB7FFFFFFFFFFFFFFFFFFFFFFFFFFFF0B
:107E10005C6F1B2F1B2F1B2F1B2F1B2F6BA27DEFAC
:107E20005DEF00F800F800F800F87DEF51EC1B2F33
:107E30001B2F1B2F1B2F1B2F1B2F1B2FFFFFFFFF8A
:107E4000FFFFFFFFFFFFFFFFFFFFFFFFFFFF1B2FF6
:107E50001B2F1B2F1B2F1B2F1B2F88E97DEF7DEF67
:107E60008AFA71F47EEF7EEF02E01B2F1B2F1B2F8F
:107E70001B2F1B2F1B2FFFFFFFFFFFFFFFFFFFFF2E
:107E8000FFFFFFFFFFFFFFFFFFFFFFFF1B2F1B2F6A
:107E90001B2F1B2F1B2F02E07DEF7DF77DEF7DEF6A
:107EA0007DEF64E81B2F1B2F1B2F1B2F1B2FFA2E80
:107EB000FFFFFFFFFFFFFFFFFFFFFFFFFFFFFFFFD2
:107EC000FFFFFFFFFFFFFFFFFFFF1B2F1B2FFB2EFF
:107ED0001B2FFB2E02E002E059EE11EC02E072745F
:107EE0001B2F1B2F1B2F1B2F1B2FFFFFFFFFFFFF26
:107EF000FFFFFFFFFFFFFFFFFFFFFFFFFFFFFFFF92
:107F0000FFFFFFFFFFFFFFFFFFFFFB2E1B2F1B2FBE
:107F10001B2F1B2F1B2F1B2F1B2F1B2FFB2E1B2F32
:107F20001B2F3C5FFFFFFFFFFFFFFFFFFFFFFFFF78
:107F3000FFFFFFFFFFFFFFFFFFFFFFFFFFFFFFFF51
:107F4000FFFFFFFFFFFFFFFFFFFF1B2F1B2F1B2F5D
:107F50001B2F1B2F1B2F1B2FFB2EDFDFFFFFFFFF16
:107F6000FFFFFFFFFFFFFFFFFFFFFFFFFFFFFFFF21
:107F7000FFFFFFFFFFFFFFFFFFFFFFFFFFFFFFFF11
:107F8000FFFFFFFFFFFFFFFFFFFFFFFFFFFFFFFF01
:107F9000FFFFFFFFFFFFFFFFFFFFFFFFFFFFFFFFF1
:107FA000FFFFFFFFFFFFFFFFFFFFFFFFFFFFFFFFE1
:107FB000FFFFFFFFFFFFFFFFFFFFFFFFFFFFFFFFD1
:107FC000FFFFFFFFFFFFFFFFFFFFFFFFFFFFFFFFC1
:107FD000FFFFFFFFFFFFFFFFFFFFFFFFFFFFFFFFB1
:107FE000FFFFFFFFFFFFFFFFFFFFFFFFFFFFFFFFA1
:107FF000FFFFFFFFFFFFFFFFFFFFFFFFFFFFFFFF91
:10800000FFFFFFFFFFFFFFFFFFFFFFFFFFFFFFFF80
:10801000FFFFFFFFFFFFFFFFFFFFFFFFFFFFFFFF70
:10802000FFFFFFFFFFFFFFFFFFFFFFFFFFFFFFFF60
:10803000FFFFFFFFFFFFFFFFFFFFFFFFFFFFFFFF50
:10804000FFFFFFFFFFFFFFFFFFFFFFFFFFFFFFFF40
:10805000FFFFFFFFFFFFFFFFFFFFFFFFFFFFFFFF30
:10806000FFFFFFFFFFFFFFFFFFFFFFFFFFFFFFFF20
:10807000FFFFFFFFFFFFFFFFFFFFF9FF84FF81FF0F
:10808000CDFFFFFFFFFFFFFFFFFFFFFFFFFFFFFF32
:10809000FFFFFFFFFFFFFFFFFFFFFFFFFFFFFFFFF0
:1080A000FFFFFFFFFFFFFFFFFFFFFFFFFFFFFFFFE0
:1080B00080FF80FF80FF80FF80FF80FF80FF80FFC8
:1080C00080FF80FFF5FFFFFFFFFFFFFFFFFFFFFFC8
:1080D000FFFFFFFFFFFFFFFFFFFFFFFFFFFFFFFFB0
:1080E000FFFFFFFFFFFFFFFF80FF80FF80FF80FF9C
:1080F00080FF80FF80FF80FF80FF80FF80FF80FF88
:1081000080FF80FFFFFFFFFFFFFFFFFFFFFFFFFF7D
:10811000FFFFFFFFFFFFFFFFFFFFFFFFFFFFFFFF6F
:10812000FFFF80FF80FF80FF80FF80FF80FF80FFD8
:1081300080FF80FF80FF80FF80FF80FF80FF80FF47
:1081400080FFAAFFFFFFFFFFFFFFFFFFFFFFFFFF13
:10815000FFFFFFFFFFFFFFFFFFFFFFFF80FF80FF2D
:1081600080FF80FF80FF80FF60FF80FF1D051D05F1
:1081700080FF80FF80FF80FF80FF80FF80FF80FF07
:1081800083FFFFFFFFFFFFFFFFFFFFFFFFFFFFFF7B
:10819000FFFFFFFFFFFF80FF80FF80FF80FF80FF6A
:1081A00080FF80FF80FF1D051D051C051D0580FF4C
:1081B00080FF80FF80FF80FF80FF80FF80FFFBFF4C
:1081C000FFFFFFFFFFFFFFFFFFFFFFFFFFFFFFFFBF
:1081D00080FF80FF80FF80FF80FF80FF80FF80FFA7
:1081E0001D051D053DD77DEF1D051D0580FF80FF89
:1081F00080FF80FF80FF80FF80FF80FFFFFFFFFF89
:10820000FFFFFFFFFFFFFFFFFFFFFFFF80FF80FF7C
:1082100080FF80FF80FF80FF80FF1D051D055D1D25
:108220007DEF7DEF7DEF1D051D0580FF80FF80FF49
:1082300080FF80FF80FF80FF80FFFFFFFFFFFFFFC9
:10824000FFFFFFFFFFFF80FF80FF80FF80FF80FFB9
:1082500080FF80FF80FF1D051D057EEF7DEF7DEF18
:108260007DEF1D05FD043C0D80FF80FF80FF80FF3A
:1082700080FF80FF80FFFFFFFFFFFFFFFFFFFFFF8B
:10828000FFFF80FF80FF80FF80FF80FF80FF80FF77
:108290001D051D057EEF7DEF7DEF7DEF7DEF7DEF11
:1082A000FD041D0580FF80FF80FF80FF80FF80FFB1
:1082B00080FFFAFFFFFFFFFFFFFFFFFFFFFF80FFD1
:1082C00080FF80FF80FF80FF80FF3B0DFD043D0DA0
:1082D0007DEF7DEF7DEF7DEF7DEF7DEF7DEF1D0588
:1082E0001D0580FF80FF80FF80FF80FF80FF80FFF3
:1082F000FFFFFFFFFFFFFFFF80FF80FF80FF80FF8A
:1083000080FF80FF80FFFD041D057DEF7DEFBD5DDB
:108310007DEF7DEF7DF77EEF7DEFFD041D0580FF96
:1083200080FF80FF80FF80FF80FF80FFFFFFFFFF57
:10833000FFFFFFFF80FF80FF80FF80FF80FF80FF47
:1083400011661D055D257DEF1D057DEF7D3D7DEFF2
:108350001D057DEF7DEF7DEF1D051D0580FF80FF75
:1083600080FF80FF80FF80FFFFFFFFFFFFFFFFFF19
:1083700080FF80FF80FF80FF80FF80FF1D051D05BF
:108380009DEF7DEF1D057DEFFD047DEF7EEF7DEF21
:108390007DEF7DEF1D051D0580FF80FF80FF80FFC5
:1083A00080FF80FFFFFFFFFFFFFFFFFF80FF80FFD9
:1083B00080FF80FF80FF80FF1D05FD047DEF7DEFC6
:1083C0001D057DEFFD041D057EEF7DEF7DEF7DEF4B
:1083D0001D051D0580FF80FF80FF80FF80FF80FF5F
:1083E000FFFFFFFFFFFFFFFFA7FF80FF80FF80FF72
:1083F00080FF80FF1D05FDB67DEF7DEF1D051D058E
:108400007DEF7EEF7DEF7DEF7DEF7DEFFDB61D050E
:1084100080FF80FF80FF80FF80FF80FFFFFFFFFF66
:10842000FFFFFFFFFFFF80FF80FF80FF80FF80FFD7
:10843000FD041D6E7DEF7DEF7DEF9DEF5D3D1D7EAB
:108440001D051C057DEF7EEF1D661D0580FF80FF6D
:1084500080FF80FF80FF80FFFFFFFFFFFFFFFFFF28
:10846000FFFF80FF80FF80FF80FF80FF1D051D054F
:108470007DEF7DEF7DEF7DEF3D1D1D057EEF1D0541
:108480007DEF7DEF1D051D0580FF80FF80FF80FFD4
:1084900080FFFFFFFFFFFFFFFFFFFFFFFFFF80FFEA
:1084A00080FF80FF80FF80FF1D051D057DEF7DEFB4
:1084B0007DEF7EEF7DEFFD047DEF1D057DEF7DEF10
:1084C000FD04FD0480FF80FF80FF80FF80FFFFFF31
:1084D000FFFFFFFFFFFFFFFFFFFFFFFF80FF80FFAA
:1084E00080FF80FF80FFFD04FD047DEF7DEF1D0513
:1084F0007DEF1D051DD7FD047DEF1C05FD0480FFEC
:1085000080FF80FF80FF80FFD5FFFFFFFFFFFFFFA1
:10851000FFFFFFFFFFFFFFFFAAFF80FF80FF80FF3D
:1085200080FF1D05FC041C057DEF7DF77DEF7DEFD1
:108530003D967DEF1D051D051D0580FF80FF80FF19
:1085400080FF80FFFFFFFFFFFFFFFFFFFFFFFFFF39
:10855000FFFFFFFFFFFF80FF80FF80FF80FF80FFA6
:108560004C8EFD041D051D051D051D051D051D0564
:108570001D051C0D80FF80FF80FF80FF80FFFFFF37
:10858000FFFFFFFFFFFFFFFFFFFFFFFFFFFFFFFFFB
:10859000FFFFFFFF80FF80FF80FF80FF80FF80FFE5
:1085A0001C051D051D051D05FD04FC0480FF80FF45
:1085B00080FF80FF80FF80FFFFFFFFFFFFFFFFFFC7
:1085C000FFFFFFFFFFFFFFFFFFFFFFFFFFFFFFFFBB
:1085D000FFFF80FF60FF80FF80FF80FF80FF80FF44
:1085E00080FF80FF80FF80FF80FF80FF80FF80FF93
:1085F00080FFFFFFFFFFFFFFFFFFFFFFFFFFFFFF0A
:10860000FFFFFFFFFFFFFFFFFFFFFFFFFFFFFFFF7A
:10861000FFFF80FF80FF80FF80FF80FF80FF80FFE3
:1086200080FF80FF80FF80FF80FFA8FFFFFFFFFF2C
:10863000FFFFFFFFFFFFFFFFFFFFFFFFFFFFFFFF4A
:10864000FFFFFFFFFFFFFFFFFFFFFFFFFFFFFFFF3A
:10865000FFFF80FF80FF80FF80FF80FF80FF80FFA3
:1086600080FFFAFFFFFFFFFFFFFFFFFFFFFFFFFF9E
:10867000FFFFFFFFFFFFFFFFFFFFFFFFFFFFFFFF0A
:10868000FFFFFFFFFFFFFFFFFFFFFFFFFFFFFFFFFA
:10869000FFFFFFFFFFFFFFFFFFFFFFFFFFFFFFFFEA
:1086A000FFFFFFFFFFFFFFFFFFFFFFFFFFFFFFFFDA
:1086B000FFFFFFFFFFFFFFFFFFFFFFFFFFFFFFFFCA
:1086C000FFFFFFFFFFFFFFFFFFFFFFFFFFFFFFFFBA
:1086D000FFFFFFFFFFFFFFFFFFFFFFFFFFFFFFFFAA
:1086E000FFFFFFFFFFFFFFFFFFFFFFFFFFFFFFFF9A
:1086F000FFFFFFFFFFFFFFFFFFFFFFFFFFFFFFFF8A
:10870000FFFFFFFFFFFFFFFFFFFFFFFFFFFFFFFF79
:10871000FFFFFFFFFFFFFFFFFFFFFFFFFFFFFFFF69
:10872000FFFFFFFFFFFFFFFFFFFFFFFFFFFFFFFF59
:10873000FFFFFFFFFFFFFFFFFFFFFFFFFFFFFFFF49
:10874000FFFFFFFFFFFFFFFFFFFFFFFFFFFFFFFF39
:10875000FFFFFFFFFFFFFFFFFFFFFFFFFFFFFFFF29
:10876000FFFFFFFFFFFFFFFFFFFFFFFFFFFFFFFF19
:10877000FFFFFFFFFFFFFFFFFFFFFFFFFFFFFFFF09
:10878000FFFF59EE04B182A86DCBFFFFFFFFFFFF93
:10879000FFFFFFFFFFFFFFFFFFFFFFFFFFFFFFFFE9
:1087A000FFFFFFFFFFFFFFFFFFFFFFFFFFFFFFFFD9
:1087B000FFFFFFFFFFFFFFFF00A000A000A000A041
:1087C00000A000A000A000A000A000A075E5FFFF91
:1087D000FFFFFFFFFFFFFFFFFFFFFFFFFFFFFFFFA9
:1087E000FFFFFFFFFFFFFFFFFFFFFFFFFFFFFFFF99
:1087F00000A000A000A000A000A000A000A000A079
:1088000000A000A000A000A000A000A0FFFFFFFFAC
:10881000FFFFFFFFFFFFFFFFFFFFFFFFFFFFFFFF68
:10882000FFFFFFFFFFFFFFFFFFFF00A000A000A072
:1088300000A000A000A000A0FFFF00A000A000A0DA
:1088400000A000A000A000A000A08AC2FFFFFFFFC0
:10885000FFFFFFFFFFFFFFFFFFFFFFFFFFFFFFFF28
:10886000FFFFFFFF00A000A000A000A000A000A04C
:1088700000A000A0FFFF00A000A000A000A000A09A
:1088800000A000A000A000A0C3A8FFFFFFFFFFFF03
:10889000FFFFFFFFFFFFFFFFFFFFFFFFFFFF00A046
:1088A00000A000A000A000A000A000A000A0FFFF6A
:1088B000FFFF00A000A000A000A000A000A000A05A
:1088C00000A000A000A0DBF6FFFFFFFFFFFFFFFFFF
:1088D000FFFFFFFFFFFFFFFF00A000A000A000A020
:1088E00000A000A000A000A0B6E57DEF91D400A0FC
:1088F00000A000A000A000A000A000A000A000A078
:1089000000A000A0FFFFFFFFFFFFFFFFFFFFFFFF33
:10891000FFFFDFFF00A000A000A000A000A000A0BB
:1089200000A000A0FFFF7EEF00A000A000A000A01C
:1089300000A000A000A000A000A000A000A000A037
:1089400000A0FFFFFFFFFFFFFFFFFFFFFFFF00A0F3
:1089500000A000A000A000A000A000A000A041A8CE
:108960007DEF7DEFFFFF5DF700A000A000A000A05D
:1089700000A000A000A000A000A000A000A0FFFF99
:10898000FFFFFFFFFFFFFFFFFFFF00A000A000A011
:1089900000A000A000A000A000A0FFFF7DEF7DEFE1
:1089A0007DEF7DEF7DEFB2DC00A0FFFF00A000A017
:1089B00000A000A000A000A000A0BAF6FFFFFFFFEB
:1089C000FFFFFFFFDEFF00A000A000A000A000A0AE
:1089D00000A061A88DCBFFFF7DEF7DEF7DEF7DEFE8
:1089E0007DEFFFFF00A0FFFF00A000A000A000A0FF
:1089F00000A000A000A000A0FFFFFFFFFFFFFFFFFF
:108A000000A000A000A000A000A000A000A0FFFF08
:108A100000A000A0FFFFBEF77DEF7DEF7DEFBEF76A
:108A200000A000A0FFFF00A000A000A000A000A0E8
:108A300000A000A0FFFFFFFFFFFFFFFF00A000A0BE
:108A400000A000A000A000A0FFFFFFFF00A000A06A
:108A500000A000A0FFFF7DEF7DEFFFFF00A000A0C2
:108A6000FFFFFFFFE4A800A000A000A000A000A05E
:108A7000FFFFFFFFFFFFFFFF00A000A000A000A07E
:108A800000A03CF77DEFFFFF00A000A000A000A029
:108A900000A0DFFF7DEF00A000A000A0FFFF7DEFA2
:108AA000FFFF00A000A000A000A000A0FFFFFFFFAC
:108AB000FFFFFFFF00A000A000A000A000A01BF788
:108AC0007DEF7DEFFFFF00A000A000A000A0FFFF52
:108AD000FFFF00A000A05DF77DEF7DEF9EF700A0F7
:108AE00000A000A000A000A0FFFFFFFFFFFFFFFF0E
:108AF000E7B900A000A000A000A000A0BEF77DEF95
:108B00007DEFFFFF00A000A07DFF1CF700A000A0EC
:108B1000FFFF7DEF7DEFFFFF86B100A000A000A06A
:108B200000A000A0FFFFFFFFFFFFFFFFFFFF00A06F
:108B300000A000A000A000A0FFFF7DEF7DEF7DEF73
:108B400000A0A7B9FFFF00A000A0FFFF7DEF7DEF11
:108B50007DEF00A000A000A000A000A000A000A049
:108B6000FFFFFFFFFFFFFFFFFFFF00A000A000A02F
:108B700000A000A0F7E57DEF7DEFFFFF00A0FFFF65
:108B8000FFFF00A000A03CF77DEF7DEFBEF700A047
:108B900000A000A000A000A000A0FFFFFFFFFFFFBB
:108BA000FFFFFFFFFFFF00A000A000A000A000A0AB
:108BB000FFFF7DEFFFFF00A0FFFF7DEF7DEFFFFFD9
:108BC00004B100A038EE9EF77EEF00A000A000A048
:108BD00000A000A000A0FFFFFFFFFFFFFFFFFFFFBF
:108BE000FFFFFFFF00A000A000A000A07DEF7DEF31
:108BF000EFD300A07DEF7DEF7DEF7DEF7DEFFFFFF9
:108C000000A0FFFF7DEFFFFF00A000A000A000A0DC
:108C100055E5FFFFFFFFFFFFFFFFFFFFFFFFFFFF28
:108C20008AC200A000A000A07DEF7DEFFFFF55E508
:108C30007DEF7DEF7DEF7DEF7DEFFFFF00A0FFFF7C
:108C40007DEFFFFF00A000A000A000A0FFFFFFFF3E
:108C5000FFFFFFFFFFFFFFFFFFFFFFFFFFFF00A082
:108C600000A000A0FFFF7EEF7DEFFFFF7DEF7DEF17
:108C70007DEF7DEF7DEFFFFFFFFF7DEF7DEFFCF6EA
:108C800000A000A000A0FFFFFFFFFFFFFFFFFFFF0E
:108C9000FFFFFFFFFFFFFFFFFFFFFFFF00A000A0A0
:108CA00000A096E5FFFFBEF77DEF7DEF7DEF7DEF46
:108CB0007DEFFFFFBEFFFFFF00A000A000A000A00F
:108CC000FFFFFFFFFFFFFFFFFFFFFFFFFFFFFFFFB4
:108CD000FFFFFFFFFFFFFFFFFFFF00A000A000A0BE
:108CE00000A000A028BAFFFFFFFFFFFFFFFF49BA67
:108CF00000A000A000A000A000A0FFFFFFFFFFFF5A
:108D0000FFFFFFFFFFFFFFFFFFFFFFFFFFFFFFFF73
:108D1000FFFFFFFFFFFFFFFFFFFF00A000A000A07D
:108D200000A000A000A000A000A000A000A000A043
:108D300000A007BAFFFFFFFFFFFFFFFFFFFFFFFFDE
:108D4000FFFFFFFFFFFFFFFFFFFFFFFFFFFFFFFF33
:108D5000FFFFFFFFFFFFFFFFFFFF00A000A000A03D
:108D600000A000A000A000A000A0BAEEFFFFFFFF3F
:108D7000FFFFFFFFFFFFFFFFFFFFFFFFFFFFFFFF03
:108D8000FFFFFFFFFFFFFFFFFFFFFFFFFFFFFFFFF3
:108D9000FFFFFFFFFFFFFFFFFFFFFFFFFFFFFFFFE3
:108DA000FFFFFFFFFFFFFFFFFFFFFFFFFFFFFFFFD3
:108DB000FFFFFFFFFFFFFFFFFFFFFFFFFFFFFFFFC3
:108DC000FFFFFFFFFFFFFFFFFFFFFFFFFFFFFFFFB3
:108DD000FFFFFFFFFFFFFFFFFFFFFFFFFFFFFFFFA3
:108DE000FFFFFFFFFFFFFFFFFFFFFFFFFFFFFFFF93
:108DF000FFFFFFFFFFFFFFFFFFFFFFFFFFFFFFFF83
:108E0000FFFFFFFFFFFFFFFFFFFFFFFFFFFFFFFF72
:108E1000FFFFFFFFFFFFFFFFFFFFFFFFFFFFFFFF62
:108E2000FFFFFFFFFFFFFFFFFFFFFFFFFFFFFFFF52
:108E3000FFFFFFFFFFFFFFFFFFFFFFFFFFFFFFFF42
:108E4000FFFFFFFFFFFFFFFFFFFFFFFFFFFFFFFF32
:108E5000FFFFFFFFFFFFFFFFFFFFFFFFFFFFFFFF22
:108E6000FFFFFFFFFFFFFFFFFFFFFFFFFFFFFFFF12
:108E7000FFFFFFFFFFFFFFFFFFFFFFFFFFFFFFFF02
:108E8000FFFFFFFFFFFFFFFFFFFFFFFFFFFFFFFFF2
:108E9000FFFFFFFFFFFFFFFFFFFFFFFFFFFFFFFFE2
:108EA000FFFFFFFFFFFFFFFFFFFFFFFFFFFFFFFFD2
:108EB000FFFFFFFFFFFFFFFFFFFFFFFFFFFFFFFFC2
:108EC000FFFFFFFFFFFFFFFFFFFFFFFFFFFFFFFFB2
:108ED000FFFFFFFF9EF70C400C400C400C400C4085
:108EE0000C400C400C400C40B069FFFFFFFFFFFF3F
:108EF000FFFFFFFFFFFFFFFFFFFFFFFFFFFFFFFF82
:108F0000FFFFFFFFFFFFFFFFFFFFFFFFFFFFFFFF71
:108F1000FFFF7BDE0C400C400C400C400C400C4032
:108F20000C400C400C400C400C400C400C400C40E1
:108F3000FFFFFFFFFFFFFFFFFFFFFFFFFFFFFFFF41
:108F4000FFFFFFFFFFFFFFFFFFFFFFFFFFFFFFFF31
:108F5000FFFF0C400C400C400C400C400C400C40FF
:108F60000C400C400C400C400C400C400C400C40A1
:108F70000C400C40FFFFFFFFFFFFFFFFFFFFFFFF65
:108F8000FFFFFFFFFFFFFFFFFFFFFFFFFFFFFFFFF1
:108F9000FFFF0C400C400C400C400C400C400C40BF
:108FA0000C400C400C400C400C400C400C400C4061
:108FB0000C400C400C400B40DCE6FFFFFFFFFFFFC6
:108FC000FFFFFFFFFFFFFFFFFFFFFFFFFFFFFFFFB1
:108FD000FFFF0C400B400C400C400C400C400C4080
:108FE0000C400C400C400C400C400C400C400C4021
:108FF0000C400C400C400C400C400C40BFFFFFFFED
:10900000FFFFFFFFFFFFFFFFFFFFFFFFFFFFFFFF70
:10901000FFFF0C400C400C400C400C400C400C403E
:109020000C400C400C400C400C400C400B400C40E1
:109030000C400C400C400C400C400C400C400C40D0
:10904000FFFFFFFFFFFFFFFFFFFFFFFFFFFFFFFF30
:10905000FFFF34930C400C400C400C400C400B4084
:109060000C405BD69EF70C400C40727AFFFF7DEF00
:109070007DEFFFFF0C400C400C400C400C400C40BE
:109080000C400C40FFFFFFFFFFFFFFFFFFFFFFFF54
:10909000FFFFFFFF0C400C400C400C400C400C400C
:1090A000FFFF7DEF7DEF7DEF7DEFFFFFFFFF7DEFAA
:1090B0007DEF7DEF7DEFFFFF0C400C400C400C403E
:1090C0000C400C400C40DFFFFFFFFFFFFFFFFFFFE6
:1090D000FFFFFFFFF38A0C400C400C400C407493E0
:1090E0000B40FFFF7DEF7DEF7DEF7DEFFFFF7DEF1D
:1090F0007DEF7DEF7DEF7DEFFFFFFFFFBEF7FFFF11
:10910000FFFF0C400C400C400B40FFFFFFFFFFFF38
:10911000FFFFFFFFFFFF0C400C400C40B7B4FFFF08
:109120007DEF9EF7FFFF7DEF7DEF7DEF7DEFFFFF92
:109130007DEF7DEF7DEF7DEF7DEF7DEF7DEF7DEFCF
:109140007DEFBEF70C400C400C400C40FFFFFFFFD2
:10915000FFFFFFFFFFFFFFFF0C400C400C40FFFF35
:109160007DEF7DEF7DEF7DEF7DEF7DEF7DEF7DEF9F
:109170007DEF7DEF7DEF7DEF7DEF7DEF7DEF7DEF8F
:109180007DEF7DEF9EF70C400C400C400C40D59BD2
:10919000FFFFFFFFFFFFFFFFFFFF0C400C400C40F5
:1091A000BEF77DEF7DEF7DEF7DEF7DEF7DEF7DEF16
:1091B0007DEF7DEF7DEF7DEF7DEF7DEF7DEF7DEF4F
:1091C0007DEF7DEF7DEFFFFFEF580C400C400C4032
:1091D0000C40FFFFFFFFFFFFFFFF74930C400C40AC
:1091E0000C40FFFF7DEF7DEF7DEF7DEF7DEF7DEFAD
:1091F0007DEF7DEF7DEF7DEF7DEF7DEF7DEF7DEF0F
:109200007DEF7DEF7DEF7DEF7DEF7EEFFFFF0C408B
:109210000C400C40FFFFFFFFFFFFFFFF8D480C409D
:109220000C400C40FFFF7DEF7DEF7DEF7DEF7DEF8C
:109230007DEF7DEF7DEF7DEF7DEF7DEF7DEF7DEFCE
:109240007DEF7DEF7DEF7DEF7DEF7DEF7DEF9EF795
:109250000C400C400C40FFFFFFFFFFFFFFFFEE58EC
:109260000C400C40FFFF7DEF7DEF7DEF7DEF7DEF4C
:109270007DEF7DEF7DEF7DEF7DEF7DEF7DEF7DEF8E
:109280007DEF7DEF7DEF7DEF7DEF7DEF7DEF7DEF7E
:10929000FFFF0C400C400C40FFFFFFFFFFFFFFFFF4
:1092A00059BD0C400C40FFFF7DEF7DEF7DEF7DEF62
:1092B0007DEF7DEF7DEF7DEF7DEF7DEF7DEF7DEF4E
:1092C0007DEF7DEF7DEF7DEF7DEF7DEF7DEF7DEF3E
:1092D0007DEF3DEF0C400C400C40FFFFFFFFFFFF18
:1092E000FFFFFFFF0C400C405493BEF77DEF7DEF76
:1092F0007DEF7DEF7DEF7DEF7DEF7DEF7DEF7DEF0E
:109300007DEF7DEF7DEF7DEF7DEF7DEF7DEF7DEFFD
:109310007DEFFFFF0C400C400C400C40FFFFFFFFB7
:10932000FFFFFFFFFFFF0C400C400C400C409CDE99
:109330007DEF7DEF7DEF7DEF7DEF7DEF7DEF7DEFCD
:109340007DEF7DEF7DEF7DEF7DEF7DEF7DEF7DEFBD
:109350007DEF7DEFFFFF0C400C400C40BFFFFFFF97
:10936000FFFFFFFFFFFFFFFF0C400C400C400C40D5
:1093700018BD7DEF7DEF7DEF7DEF7DEF7DEF7DEF24
:109380007DEF7DEFFFFF7DEF7DEF7DEF7DEF7DEFEB
:109390007DEF7DEF7DEFFFFF0C400C400C40FFFFA9
:1093A000FFFFFFFFFFFFFFFFFFFFFFFF0C400C4031
:1093B0000C400C40FFFFBEF79EF7FFFFFFFF7DEF65
:1093C0007DEF7DEF7DEFFFFF7DEF7DEF7DEF7DEFAB
:1093D000FFFFFFFFFFFFFFFF0C400C400C400C4065
:1093E000FFFFFFFFFFFFFFFFFFFFFFFFFFFF0C403F
:1093F0000C400C400C400C400C400C400C403BD648
:109400007DEF7DEF7DEFFFFFFACD7DEF7DEF7DEF0F
:109410007DEFFFFF0C480C400C400C400C400C4012
:10942000FFFFFFFFFFFFFFFFFFFFFFFFFFFFFFFF4C
:10943000FFFF0C400C400C400C400C400C400C401A
:109440000C40FFFFFFFFFFFF0C400C40F59BFFFFB0
:10945000FFFFFFFF0C400C400C400C400C400C4048
:109460000C40FFFFFFFFFFFFFFFFFFFFFFFFFFFFBE
:10947000FFFFFFFF6D500C400C400C400C400C40B7
:109480000C400C400C400C400C400C400C400C407C
:109490000C400C400C400C400C400C400C400C406C
:1094A0000C40FFFFFFFFFFFFFFFFFFFFFFFFFFFF7E
:1094B000FFFFFFFFFFFFFFFF0B400C400C400C4085
:1094C0000C400C400C400C400C400C400C400C403C
:1094D0000C400C400C400C400C400C400C400B402D
:1094E0000C40FFFFFFFFFFFFFFFFFFFFFFFFFFFF3E
:1094F000FFFFFFFFFFFFFFFFFFFFFFFF0C400C40E0
:109500000C400C400C400C400C400C400C400C40FB
:109510000C400C400C400C400C400C400C400C40EB
:109520000C40FFFFFFFFFFFFFFFFFFFFFFFFFFFFFD
:10953000FFFFFFFFFFFFFFFFFFFFFFFFFFFFFFFF3B
:1095400079C50B400C400C400C400C400C400C40CA
:109550000C400C400C400C400C400C400C400C40AB
:109560000B40FFFFFFFFFFFFFFFFFFFFFFFFFFFFBE
:10957000FFFFFFFFFFFFFFFFFFFFFFFFFFFFFFFFFB
:10958000FFFFFFFFFFFF0C400C400C400C400C4065
:109590000C400C400C400C400C400C400C400C406B
:1095A000FFFFFFFFFFFFFFFFFFFFFFFFFFFFFFFFCB
:1095B000FFFFFFFFFFFFFFFFFFFFFFFFFFFFFFFFBB
:1095C000FFFFFFFFFFFFFFFFFFFFFFFFDCE60C4099
:1095D0000C400C400C400C400C400C40317AFFFF1A
:1095E000FFFFFFFFFFFFFFFFFFFFFFFFFFFFFFFF8B
:1095F000FFFFFFFFFFFFFFFFFFFFFFFFFFFFFFFF7B
:10960000FFFFFFFFFFFFFFFFFFFFFFFFFFFFFFFF6A
:10961000FFFFFFFFFFFFFFFFFFFFFFFFFFFFFFFF5A
:10962000FFFFFFFFFFFFFFFFFFFFFFFFFFFFFFFF4A
:10963000FFFFFFFFFFFFFFFFFFFFFFFFFFFFFFFF3A
:10964000FFFFFFFFFFFFFFFFFFFFFFFFFFFFFFFF2A
:10965000FFFFFFFFFFFFFFFFFFFFFFFFFFFFFFFF1A
:10966000FFFFFFFFFFFFFFFFFFFFFFFFFFFFFFFF0A
:10967000FFFFFFFFFFFFFFFFFFFFFFFFFFFFFFFFFA
:10968000FFFFFFFFFFFFFFFFFFFFFFFFFFFFFFFFEA
:10969000FFFFFFFFFFFFFFFFFFFFFFFFFFFFFFFFDA
:1096A000FFFFFFFFFFFFFFFFFFFFFFFFFFFFFFFFCA
:1096B000FFFFFFFFFFFFFFFFFFFFFFFFFFFFFFFFBA
:1096C000FFFFFFFFFFFFFFFFFFFFFFFFFFFFFFFFAA
:1096D000FFFFFFFFFFFFFFFFFFFFFFFFFFFFFFFF9A
:1096E000FFFFFFFFFFFFFFFFFFFFFFFFFFFFFFFF8A
:1096F000FFFFFFFFFFFFFFFFFFFFFFFFFFFFFFFF7A
:10970000FFFFFFFFFFFFFFFFFFFFFFFFFFFFFFFF69
:10971000FFFFFFFFFFFFFFFFFFFFFFFFFFFFFFFF59
:10972000FFFFFFFFFFFFFFFFFFFFFFFFFFFFFFFF49
:10973000FFFFFFFFFFFFFFFFFFFFFFFFFFFFFFFF39
:10974000FFFFFFFFFFFFFFFFFFFFFFFFFFFFFFFF29
:10975000FFFFFFFFFFFFFFFFFFFFFFFFFFFFFFFF19
:10976000FFFFFFFFFFFFFFFFFFFFFFFFFFFFFFFF09
:10977000FFFFFFFFFFFFFFFFFFFFFFFFFFFFFFFFF9
:10978000FFFFFFFFFFFFFFFFFFFFFFFFFFFFFFFFE9
:10979000FFFFFFFFFFFFFFFFFFFF9DFF2DF562EBC8
:1097A00041EB68F454FEFFFFFFFFFFFFFFFFFFFFE9
:1097B000FFFFFFFFFFFFFFFFFFFFFFFFFFFFFFFFB9
:1097C000FFFFFFFFFFFFFFFFFFFFFFFFFFFFFFFFA9
:1097D000FFFFFFFFFFFFFFFFFFFFFFFFFFFFFFFF99
:1097E000FFFFFFFFFFFFBDFF00EB00EB00EB00EB17
:1097F00000EB00EB00EB00EB00EB00EB00EB00EB11
:1098000006F4FFFFFFFFFFFFFFFFFFFFFFFFFFFF6C
:10981000FFFFFFFFFFFFFFFFFFFFFFFFFFFFFFFF58
:10982000FFFFFFFFFFFFFFFFFFFFFFFFFFFFFFFF48
:10983000FFFFFFFFFFFF75FE00EB00EB00EB00EB0F
:1098400000EB00EB00EB00EB00EB00EB00EB00EBC0
:1098500000EB00EB00EB00EB00EBFFFFFFFFFFFF77
:10986000FFFFFFFFFFFFFFFFFFFFFFFFFFFFFFFF08
:10987000FFFFFFFFFFFFFFFFFFFFFFFFFFFFFFFFF8
:10988000FFFFFFFFFFFFFFFF00EB00EB00EB00EB34
:1098900000EB00EB00EB00EB00EB00EB00EB00EB70
:1098A00000EB00EB00EB00EB00EB00EB00EB00EB60
:1098B0009CFFFFFFFFFFFFFFFFFFFFFFFFFFFFFF1B
:1098C000FFFFFFFFFFFFFFFFFFFFFFFFFFFFFFFFA8
:1098D000FFFFFFFFFFFFFFFFFFFF00EB00EB00EBD1
:1098E00000EB00EB00EB00EB00EB00EB00EB00EB20
:1098F00000EB00EB00EB00EB00EB00EB00EB00EB10
:1099000000EB00EB00EB00EBFFFFFFFFFFFFFFFFB3
:10991000FFFFFFFFFFFFFFFFFFFFFFFFFFFFFFFF57
:10992000FFFFFFFFFFFFFFFFFFFF3AFF00EB00EB32
:1099300000EB00EB00EB00EB00EB00EB00EB00EBCF
:1099400000EB00EB00EB00EB00EB00EB00EB00EBBF
:1099500000EB00EB00EB00EB00EB00EB00EBFFFF9C
:10996000FFFFFFFFFFFFFFFFFFFFFFFFFFFFFFFF07
:10997000FFFFFFFFFFFFFFFFFFFFFFFFDEFF00EB2B
:1099800000F300EB00EB00EB00EB00EB00EB00EB77
:1099900000EB00EB00EB00EB163D00EB00EB00EB07
:1099A00000EB00EB00EB00EB00EB00EB00EB00EB5F
:1099B00000EB00EBFFFFFFFFFFFFFFFFFFFFFFFFDD
:1099C000FFFFFFFFFFFFFFFFFFFFFFFFFFFFFFFFA7
:1099D00000EB00EB00EB00EB00EB00EB00EB00EB2F
:1099E00000EB00EB00EB00EB00EBBD05BD0500EB71
:1099F00000EB00EB00EB00EB00EB00EB00EB00EB0F
:109A000000EB00EB00EB00EB3BFFFFFFFFFFFFFF76
:109A1000FFFFFFFFFFFFFFFFFFFFFFFFFFFFFFFF56
:109A2000FFFF00EBE0EA00EB00EB00EB00EB00EBEC
:109A300000EB00EB00EB00EB00EB00EB1735DD0576
:109A400043D300EB00EB00EB00EB00EB00EB00EB93
:109A500000EB00EB00EB00EB00EB00EB00EBFFFF9B
:109A6000FFFFFFFFFFFFFFFFFFFFFFFFFFFFFFFF06
:109A7000FFFFFFFF48F400EB00EB00EB00EB00EB17
:109A800000EB00EB00EB00EB00EB00EB00EB372D05
:109A9000BE05BD0500EB00EB00EB00EB00EB00EBBF
:109AA00000EB00EB00EB00EB00EB00EB00EB00EB5E
:109AB00000EB00EBFFFFFFFFFFFFFFFFFFFFFFFFDC
:109AC000FFFFFFFFFFFFFFFF00EB00EB00EB00EBF2
:109AD00000EB00EB00EB00EB00EB00EB00EB00EB2E
:109AE00000EBDE053603BD0500EB00EB00EB00EB01
:109AF00000EB00EB00EB00EB00EB00EB00EB00EB0E
:109B000000EB00EB00EB00EB13F6FFFFFFFFFFFFA6
:109B1000FFFFFFFFFFFFFFFFFFFFECF400EB00EB99
:109B200000EB00EB00EB00EB00EB00EB00EB00EBDD
:109B300000EB00EBDD0556035603DD05582500EB71
:109B400000EB00EB00EB00EB00EB00EB00EB00EBBD
:109B500000EB00EB00EB00EB00EB00EB00EBFFFF9A
:109B6000FFFFFFFFFFFFFFFFFFFFFFFFFFFF00EB18
:109B700000EB00EB00EB00EB00EB00EB00EB00EB8D
:109B800000EB00EBBD0500EBBD0556035603570384
:109B90009A04DD05DD0500EB00EB00EB86BB00EB76
:109BA00000EB00EB00EB00EB00EB00EB00EB00EB5D
:109BB00000EBFFFFFFFFFFFFFFFFFFFFFFFFFFFFC8
:109BC000FFFF00EB00EB00EB00EB00EB00EB00EB2A
:109BD00000EB00EB00EB00EBBE0500EBBD05560310
:109BE00056035603560357035603DD0500EB00EBFF
:109BF000B25C00EB00EB00EB00EB00EB00EB00EBEA
:109C000000EB00EB00EB69ECFFFFFFFFFFFFFFFF46
:109C1000FFFFFFFFFFFF00EB00EB00EB00EB00EBB3
:109C200000EB00EB00EB00EB00EB41DBDD0500EBB4
:109C3000DD057703560356035603560356033C05CA
:109C400000EB00EBBD0500EB00EB00EB00EB00EBE5
:109C500000EB00EB00EB00EB00EB00EBFFFFFFFF86
:109C6000FFFFFFFFFFFFFFFF41EB00EB00EB00EB0F
:109C700000EB00EB00EB00EB00EB00EB85C3BD0558
:109C8000592500EB00EBB25CBD05BE05560356033B
:109C90005603190400EB00EBD44CBD0564CB00EB7C
:109CA00000EB00EB00EB00EB00EB00EB00EB00EB5C
:109CB000FFFFFFFFFFFFFFFFFFFFFFFF00EB00EBDA
:109CC00000EB00EB00EB00EB00EB00EB00EB00EB3C
:109CD000BD05DE0500EB00EB00EB00EB00EB4E7C7E
:109CE000BD0536035603BD0500EB00EB00EBBE05DA
:109CF000DD054E7400EB00EB00EB00EB00EB00EB3E
:109D000000EB00EBFFFFFFFFFFFFFFFFFFFFFFFF89
:109D100000EB00EB00EB00EB00EB00EB00EB00EBEB
:109D200000EBBD055603BD0500EB00EB00EB00EBBF
:109D300000EB00EB7A1D560379047A1D00EB00EB73
:109D400000EBDD055603DE05EA9B00EB00EB00EBC4
:109D500000EB00EB00EB00EBFFFFFFFFFFFFFFFF5F
:109D6000FFFFFFFF00EB00EB00EB00EB00EB00EB75
:109D700000EB00EB00EBBD0536033603BD0500EB41
:109D800000EB00EB00EB00EB9064BD05DD0500EBA4
:109D900000EB00EBBD0556035703D8039B0D00EB0A
:109DA00000EB00EB00EB00EB00EB00EBFFFFFFFF35
:109DB000FFFFFFFFFFFFFFFF00EB00EB00EB00EBFF
:109DC00000EB00EB00EB00EB00EB791DD803560332
:109DD0005603BD052C8C00EB00EB00EBBE05D35405
:109DE00000EB00EB5925BD05560357031C05BE05C6
:109DF00000EB00EB00EB00EB00EB00EB00EB00EB0B
:109E0000FFFFFFFFFFFFFFFFFFFFFFFF00EB00EB88
:109E100000EB00EB00EB00EB00EB00EB00EB00EBEA
:109E2000BD05360337035603BD0500EB00EB591D96
:109E3000BD0500EB00EBE99B7D0557035603560378
:109E4000BD0500EB00EB00EB00EB00EB00EB00EBE3
:109E500000EB00EBFFFFFFFFFFFFFFFFFFFFFFFF38
:109E600027F400EB00EB00EB00EB00EB00EB00EB6A
:109E700000EB00EBBD05560356035603DD0500EB72
:109E800017357C05E99B00EB00EBBD053603560357
:109E90005603BD0500EB00EB00EB00EB00EB00EB25
:109EA00000EB00EB00EB00EBFFFFFFFFFFFFFFFF0E
:109EB000FFFFFFFFFFFF00EB00EB00EB00EB00EB11
:109EC00000EB00EB00EB00EBD354560356035C05AC
:109ED000BE05BC0DBD055603BE0500EB00EB00EB57
:109EE000BD0556035603BD0500EB00EB00EB00EB90
:109EF00000EB00EB00EB00EB00EB00EBFFFFFFFFE4
:109F0000FFFFFFFFFFFFFFFFFFFFE0EA00EB00EBBB
:109F100000EB00EB00EB00EB00EB00EBBE053603C3
:109F2000BD05C7ABE0EABE05570336035703DE05A0
:109F30007B1500EB00E3DD0556035904916400EB4B
:109F400000EB00EB00EB00EB00EB00EB00EBD2F5DD
:109F5000FFFFFFFFFFFFFFFFFFFFFFFFFFFF00EB24
:109F600000EB00EB00EB00EB00EB00EB00EBD44C64
:109F7000B8035603DD0500EBD44C360356035603F5
:109F800056035603DB04BD0500EBC8ABBD05560305
:109F9000BE0500EB00EB00EB00EB00EB00EB00EB91
:109FA00000EBFFFFFFFFFFFFFFFFFFFFFFFFFFFFD4
:109FB000FFFFF8FE00EB00EB00EB00EB00EB00EB2B
:109FC00000EBBE0556035603BD0500EBBD05560369
:109FD00056035603560356033603DD0500EBBE0554
:109FE00077035603BD0500EB00EB00EB00EB00EB45
:109FF00000EB00EB00EBFFFFFFFFFFFFFFFFFFFFAA
:10A00000FFFFFFFFFFFFFFFFE0EA00EB00EB00EBCD
:10A0100000EB00EB00EB00EBBD0556035703BD055D
:10A02000BD05560356035603560356035603DD0576
:10A03000D2545C0556035603BE0500EB00EB00EB63
:10A0400000EB00EB00EB00EBDFFFFFFFFFFFFFFF8C
:10A05000FFFFFFFFFFFFFFFFFFFFFFFF19FF00EB09
:10A0600000EB00EB00EB00EB00EB00EB00EBBD05C1
:10A07000BD053603DD055603560356035603560346
:10A080005603DD059D053703BD05BD0500EB00EB5F
:10A0900000EB00EB00EB00EB00EB00EBFFFFFFFF42
:10A0A000FFFFFFFFFFFFFFFFFFFFFFFFFFFFFFFFC0
:10A0B000FFFF00EB00EB00EB00EB00EB00EB00EB35
:10A0C00000EB00EB42DBDE05BE05DD05BD057A04D5
:10A0D000B80339049D05DD05BD05BD0563CB00EB67
:10A0E00000EB00EB00EB00EB00EB00EB00EBFFFF05
:10A0F000FFFFFFFFFFFFFFFFFFFFFFFFFFFFFFFF70
:10A10000FFFFFFFFFFFFFFFF00EB00EB00EB00EBAB
:10A1100000EB00EB00EB00EB00EB00EB00EB00EBE7
:10A1200000EB00EB00EB00EB00EB00EB00EB00EBD7
:10A1300000EB00EB00EB00EB00EB00EB00EB00EBC7
:10A140003BFFFFFFFFFFFFFFFFFFFFFFFFFFFFFFE3
:10A15000FFFFFFFFFFFFFFFFFFFFFFFFFFFF00EB22
:10A1600000EB00EB00EB00EB00EB00EB00EB00EB97
:10A1700000EB00EB00EB00EB00EB00EB00EB00EB87
:10A1800000EB00EB00EB00EB00EB00EB00EB00EB77
:10A1900000EBA4EBFFFFFFFFFFFFFFFFFFFFFFFF51
:10A1A000FFFFFFFFFFFFFFFFFFFFFFFFFFFFFFFFBF
:10A1B000FFFFFFFF00EB00EB00EB00EB00EB00EB21
:10A1C00000EB00EB00EB00EB00EB00EB00EB00EB37
:10A1D00000EB00EB00EB00EB00EB00EB00EB00EB27
:10A1E00000EB00EBA3EBFFFFFFFFFFFFFFFFFFFF15
:10A1F000FFFFFFFFFFFFFFFFFFFFFFFFFFFFFFFF6F
:10A20000FFFFFFFFFFFFFFFFFFFF00EB00EB00EB97
:10A2100000EB00EB00EB00EB00EB00EB00EB00EBE6
:10A2200000EB00EB00EB00EB00EB00EB00EB00EBD6
:10A2300000EB00EB00EB75FEFFFFFFFFFFFFFFFFF2
:10A24000FFFFFFFFFFFFFFFFFFFFFFFFFFFFFFFF1E
:10A25000FFFFFFFFFFFFFFFFFFFFFFFFFFFFFFFF0E
:10A26000E0EA00EB00EB00EB00EB00EB00EB00EBB7
:10A2700000EB00EB00EB00EB00EB00EB00EB00EB86
:10A2800000EB00EB00EB00EB7CFFFFFFFFFFFFFFAD
:10A29000FFFFFFFFFFFFFFFFFFFFFFFFFFFFFFFFCE
:10A2A000FFFFFFFFFFFFFFFFFFFFFFFFFFFFFFFFBE
:10A2B000FFFFFFFFFFFFFFFF00EBE0EA00EB00EB1B
:10A2C00000EB00EB00EB00EB00EB00EB00EB00EB36
:10A2D00000EB00EB00EB00EB14F6FFFFFFFFFFFFCE
:10A2E000FFFFFFFFFFFFFFFFFFFFFFFFFFFFFFFF7E
:10A2F000FFFFFFFFFFFFFFFFFFFFFFFFFFFFFFFF6E
:10A30000FFFFFFFFFFFFFFFFFFFFFFFFFFFFFFFF5D
:10A310006FF500EB00EB00EB00EB00EB00EB00EB6C
:10A3200000EB00EB00EB00EBFFFFFFFFFFFFFFFF89
:10A33000FFFFFFFFFFFFFFFFFFFFFFFFFFFFFFFF2D
:10A34000FFFFFFFFFFFFFFFFFFFFFFFFFFFFFFFF1D
:10A35000FFFFFFFFFFFFFFFFFFFFFFFFFFFFFFFF0D
:10A36000FFFFFFFFFFFFFFFFFFFFFFFFFFFFFFFFFD
:10A37000FFFFFFFFFFFFFFFFFFFFFFFFFFFFFFFFED
:10A38000FFFFFFFFFFFFFFFFFFFFFFFFFFFFFFFFDD
:10A39000FFFFFFFFFFFFFFFFFFFFFFFFFFFFFFFFCD
:10A3A000FFFFFFFFFFFFFFFFFFFFFFFFFFFFFFFFBD
:10A3B000FFFFFFFFFFFFFFFFFFFFFFFFFFFFFFFFAD
:10A3C000FFFFFFFFFFFFFFFFFFFFFFFFFFFFFFFF9D
:10A3D000FFFFFFFFFFFFFFFFFFFFFFFFFFFFFFFF8D
:10A3E000FFFFFFFFFFFFFFFFFFFFFFFFFFFFFFFF7D
:10A3F000FFFFFFFFFFFFFFFFFFFFFFFFFFFFFFFF6D
:10A40000FFFFFFFFFFFFFFFFFFFFFFFFFFFFFFFF5C
:10A41000FFFFFFFFFFFFFFFFFFFFFFFFFFFFFFFF4C
:10A42000FFFFFFFFFFFFFFFFFFFFFFFFFFFFFFFF3C
:10A43000FFFFFFFFFFFFFFFFFFFFFFFFFFFFFFFF2C
:10A44000FFFF000018A500080CA5000824A50008BF
:10A4500030A5000800A50008040000080000000066
:10A4600000000002000100001000000000000000D9
:10A47000000000000000F03F000000000000F83F76
:10A4800000000000000000000000004003B8E23FB0
:10A49000000000000000000006D0CF43EBFD4C3E62
:10A4A000033333333333E33FFFAB6FDBB66DDB3F57
:10A4B0004D268F515555D53F01411DA96074D13F9F
:10A4C00065DBC9934A86CD3FEF4E454A287ECA3F99
:10A4D0003E5555555555C53F93BDBE166CC166BF1B
:10A4E0002CDE25AF6A56113FF16BD2C541BDBBBE14
:10A4F000D0A4BE726937663E000000000000000074
:10A50000352ED1A1D4F1C4A3CABD0000322EC9E8B2
:10A51000D6C3CAAAB6C80000312EC9E8D6C3CEC277
:10A52000B6C80000332EC9E8D6C3D1CCCEED0000AA
:10A53000342EC9E8D6C3CCECC8BBC6F80000000076
:10A5400070A6000800000020640000002801000838
:10A55000D4A6000864000020FC0A000044010008A2
:10A560001001000043000000F8FFFFFF00404040E2
:10A5700040404040404041414141414040404040D6
:10A580004040404040404040404040404005020282
:10A590000202020202020202020202020220202041
:10A5A000202020202020200202020202020290909D
:10A5B000909090901010101010101010101010109B
:10A5C00010101010101010100202020202028888EF
:10A5D00088888888080808080808080808080808FB
:10A5E00008080808080808080202020240000000E3
:10A5F000000000000000000000000000000000005B
:10A60000000000000000000000000000000000004A
:10A61000000000000000000000000000000000003A
:10A62000000000000000000000000000000000002A
:10A63000000000000000000000000000000000001A
:10A64000000000000000000000000000000000000A
:10A6500000000000000000000000000000000000FA
:10A6600000000000000000000000000000000000EA
:10A6700000000000010203040102030406070809A8
:10A680000204060800000028004B0000F40100004E
:10A690002003050000000000000000000001000091
:10A6A000000000000000000000A24A0400000000BA
:10A6B0000000000000000102030406070809000072
:10A6C000000000000000000000000000000000008A
:04A6D0000000000086
:04000005080000ED02
:00000001FF
