#define USE_ONCHIP_FLASH_FONT 1
const unsigned char asc16[]={
#if USE_ONCHIP_FLASH_FONT
0x00,0x00,0x00,0x00,0x00,0x00,0x00,0x00,0x00,0x00,0x00,0x00,0x00,0x00,0x00,0x00, //" "
0x00,0x10,0x10,0x10,0x10,0x10,0x10,0x10,0x10,0x10,0x00,0x00,0x10,0x10,0x00,0x00, //"!"
0x00,0x00,0x6C,0x6C,0x24,0x24,0x00,0x00,0x00,0x00,0x01,0x00,0x00,0x00,0x00,0x00, //"""
0x00,0x24,0x24,0x24,0x24,0xFE,0x48,0x48,0x48,0x48,0xFC,0x90,0x90,0x90,0x90,0x00, //"#"
0x00,0x10,0x3C,0x54,0x92,0x90,0x50,0x38,0x14,0x12,0x12,0x92,0x54,0x78,0x10,0x00, //"$"
0x00,0x00,0x22,0x5C,0x94,0xA8,0x48,0x10,0x10,0x24,0x2A,0x52,0x54,0x88,0x00,0x00, //"%"
0x00,0x00,0x30,0x48,0x48,0x50,0x20,0x6E,0x54,0x94,0x8C,0x88,0x8A,0x74,0x00,0x00, //"&"
0x00,0x00,0x30,0x30,0x10,0x10,0x00,0x00,0x00,0x00,0x00,0x00,0x00,0x00,0x00,0x00, //"'"
0x00,0x04,0x08,0x10,0x10,0x20,0x20,0x20,0x20,0x20,0x20,0x10,0x10,0x08,0x04,0x00, //"("
0x00,0x80,0x40,0x20,0x20,0x10,0x10,0x10,0x10,0x10,0x10,0x20,0x20,0x40,0x80,0x00, //")"
0x00,0x00,0x00,0x00,0x10,0x54,0x38,0x10,0x38,0x54,0x10,0x00,0x00,0x00,0x00,0x00, //"*"
0x00,0x00,0x00,0x10,0x10,0x10,0x10,0xFE,0x10,0x10,0x10,0x10,0x00,0x00,0x00,0x00, //"+"
0x00,0x00,0x00,0x00,0x00,0x00,0x00,0x00,0x00,0x00,0x00,0x00,0x10,0x10,0x20,0x00, //","
0x00,0x00,0x00,0x00,0x00,0x00,0x00,0xFE,0x00,0x00,0x00,0x00,0x00,0x00,0x00,0x00, //"-"
0x00,0x00,0x00,0x00,0x00,0x00,0x00,0x00,0x00,0x00,0x00,0x00,0x70,0x70,0x00,0x00,/*".",0*/
0x00,0x00,0x04,0x04,0x08,0x08,0x10,0x10,0x20,0x20,0x40,0x40,0x80,0x80,0x00,0x00, //"/"
0x00,0x00,0x00,0x3E,0x76,0x63,0x63,0x63,0x63,0x63,0x63,0x67,0x3E,0x1C,0x00,0x00,/*"0",0*/
0x00,0x00,0x00,0x0C,0x1C,0x7C,0x7C,0x1C,0x1C,0x1C,0x1C,0x1C,0x1C,0x1C,0x00,0x00,/*"1",1*/
0x00,0x00,0x00,0x3E,0x77,0x63,0x07,0x06,0x0E,0x0C,0x18,0x30,0x7F,0x7F,0x00,0x00,/*"2",2*/
0x00,0x00,0x00,0x3E,0x77,0x63,0x07,0x0E,0x0E,0x07,0x03,0x63,0x76,0x1C,0x00,0x00,/*"3",3*/
0x00,0x00,0x00,0x06,0x0E,0x1E,0x1E,0x36,0x76,0x66,0xFF,0x06,0x06,0x06,0x00,0x00,/*"4",4*/
0x00,0x00,0x00,0x3F,0x70,0x60,0x78,0x7E,0x67,0x03,0x03,0xE7,0x7E,0x3C,0x00,0x00,/*"5",5*/
0x00,0x00,0x00,0x0C,0x1C,0x18,0x38,0x7E,0x73,0x63,0x63,0x63,0x77,0x3E,0x00,0x00,/*"6",6*/
0x00,0x00,0x00,0x7F,0x03,0x07,0x06,0x0E,0x0C,0x1C,0x18,0x18,0x38,0x38,0x00,0x00,/*"7",7*/
0x00,0x00,0x00,0x3E,0x67,0x63,0x67,0x7E,0x7E,0x63,0xE3,0x63,0x77,0x3E,0x00,0x00,/*"8",8*/
0x00,0x00,0x00,0x3E,0x67,0xE3,0xE3,0xE7,0x7E,0x3E,0x0C,0x1C,0x18,0x38,0x00,0x00,/*"9",9*/
0x00,0x00,0x00,0x00,0x1C,0x1C,0x00,0x00,0x00,0x00,0x1C,0x1C,0x00,0x00,0x00,0x00,/*":",0*/
0x00,0x00,0x00,0x00,0x10,0x10,0x00,0x00,0x00,0x00,0x00,0x10,0x10,0x20,0x00,0x00, //";"
0x00,0x00,0x00,0x00,0x06,0x18,0x60,0x80,0x60,0x18,0x06,0x00,0x00,0x00,0x00,0x00, //"<"
0x00,0x00,0x00,0x00,0x00,0x00,0xFE,0x00,0x00,0xFE,0x00,0x00,0x00,0x00,0x00,0x00, //"="
0x00,0x00,0x00,0x00,0xC0,0x30,0x0C,0x02,0x0C,0x30,0xC0,0x00,0x00,0x00,0x00,0x00, //">"
0x00,0x38,0x44,0x82,0x82,0x02,0x04,0x08,0x10,0x10,0x10,0x00,0x10,0x10,0x00,0x00, //"?"
0x00,0x00,0x38,0x44,0x82,0x9A,0xAA,0xAA,0xAA,0xAA,0xAA,0x96,0x80,0x42,0x3C,0x00, //"@"
0x00,0x00,0x10,0x10,0x10,0x28,0x28,0x28,0x44,0x44,0x7C,0x44,0x44,0xEE,0x00,0x00, //"A"
0x00,0x00,0xFC,0x42,0x42,0x42,0x42,0x7C,0x42,0x42,0x42,0x42,0x42,0xFC,0x00,0x00, //"B"
0x00,0x00,0x3C,0x44,0x82,0x80,0x80,0x80,0x80,0x80,0x82,0x82,0x44,0x38,0x00,0x00, //"C"
0x00,0x00,0xF8,0x44,0x42,0x42,0x42,0x42,0x42,0x42,0x42,0x42,0x44,0xF8,0x00,0x00, //"D"
0x00,0x00,0xFC,0x44,0x42,0x40,0x44,0x7C,0x44,0x40,0x40,0x42,0x44,0xFC,0x00,0x00, //"E"
0x00,0x00,0xFC,0x44,0x42,0x40,0x44,0x7C,0x44,0x40,0x40,0x40,0x40,0xF0,0x00,0x00, //"F"
0x00,0x00,0x34,0x4C,0x82,0x80,0x80,0x80,0x8E,0x84,0x84,0x84,0x4C,0x34,0x00,0x00, //"G"
0x00,0x00,0xEE,0x44,0x44,0x44,0x44,0x7C,0x44,0x44,0x44,0x44,0x44,0xEE,0x00,0x00, //"H"
0x00,0x00,0x7C,0x10,0x10,0x10,0x10,0x10,0x10,0x10,0x10,0x10,0x10,0x7C,0x00,0x00, //"I"
0x00,0x00,0x3E,0x08,0x08,0x08,0x08,0x08,0x08,0x08,0x08,0x88,0x88,0x70,0x00,0x00, //"J"
0x00,0x00,0xEE,0x44,0x48,0x48,0x50,0x60,0x50,0x48,0x48,0x44,0x44,0xEE,0x00,0x00, //"K"
0x00,0x00,0xE0,0x40,0x40,0x40,0x40,0x40,0x40,0x40,0x40,0x42,0x44,0xFC,0x00,0x00, //"L"
0x00,0x00,0xC6,0x44,0x6C,0x6C,0x6C,0x54,0x54,0x54,0x44,0x44,0x44,0xEE,0x00,0x00, //"M"
0x00,0x00,0xCE,0x44,0x64,0x64,0x64,0x54,0x54,0x4C,0x4C,0x4C,0x44,0xE4,0x00,0x00, //"N"
0x00,0x00,0x38,0x44,0x82,0x82,0x82,0x82,0x82,0x82,0x82,0x82,0x44,0x38,0x00,0x00, //"O"
0x00,0x00,0xF8,0x44,0x42,0x42,0x42,0x44,0x78,0x40,0x40,0x40,0x40,0xE0,0x00,0x00, //"P"
0x00,0x00,0x38,0x44,0x82,0x82,0x82,0x82,0x82,0x82,0x82,0xBA,0x44,0x3C,0x02,0x00, //"Q"
0x00,0x00,0xF0,0x48,0x44,0x44,0x44,0x48,0x70,0x48,0x44,0x44,0x44,0xE6,0x00,0x00, //"R"
0x00,0x00,0x3C,0x44,0x82,0x80,0x40,0x30,0x0C,0x02,0x02,0x82,0x44,0x78,0x00,0x00, //"S"
0x00,0x00,0x7C,0x54,0x92,0x10,0x10,0x10,0x10,0x10,0x10,0x10,0x10,0x38,0x00,0x00, //"T"
0x00,0x00,0xEE,0x44,0x44,0x44,0x44,0x44,0x44,0x44,0x44,0x44,0x44,0x38,0x00,0x00, //"U"
0x00,0x00,0xEE,0x44,0x44,0x44,0x44,0x28,0x28,0x28,0x28,0x10,0x10,0x10,0x00,0x00, //"V"
0x00,0x00,0xEE,0x44,0x54,0x54,0x54,0x54,0x54,0x54,0x28,0x28,0x28,0x28,0x00,0x00, //"W"
0x00,0x00,0xEE,0x44,0x44,0x28,0x28,0x10,0x10,0x28,0x28,0x44,0x44,0xEE,0x00,0x00, //"X"
0x00,0x00,0xEE,0x44,0x44,0x28,0x28,0x28,0x10,0x10,0x10,0x10,0x10,0x38,0x00,0x00, //"Y"
0x00,0x00,0x7E,0x44,0x84,0x08,0x08,0x10,0x20,0x20,0x40,0x82,0x84,0xFC,0x00,0x00, //"Z"
0x00,0x1C,0x10,0x10,0x10,0x10,0x10,0x10,0x10,0x10,0x10,0x10,0x10,0x10,0x1C,0x00, //"["
0x00,0x00,0xEE,0x44,0x54,0x54,0xFE,0x54,0x54,0x54,0x28,0x28,0x28,0x28,0x00,0x00, //"\"
0x00,0x70,0x10,0x10,0x10,0x10,0x10,0x10,0x10,0x10,0x10,0x10,0x10,0x10,0x70,0x00, //"]"
0x00,0x30,0x48,0x84,0x00,0x00,0x00,0x00,0x00,0x00,0x00,0x00,0x00,0x00,0x00,0x00, //"^"
0x00,0x00,0x00,0x00,0x00,0x00,0x00,0x00,0x00,0x00,0x00,0x00,0x00,0x00,0xFE,0x00, //"_"
0x00,0x40,0x20,0x00,0x00,0x00,0x00,0x00,0x00,0x00,0x00,0x00,0x00,0x00,0x00,0x00, //"`"
0x00,0x00,0x00,0x00,0x00,0x00,0x78,0x84,0x04,0x7C,0x84,0x84,0x8C,0x76,0x00,0x00, //"a"
0x00,0x00,0xC0,0x40,0x40,0x40,0x58,0x64,0x42,0x42,0x42,0x42,0x64,0x58,0x00,0x00, //"b"
0x00,0x00,0x00,0x00,0x00,0x00,0x38,0x44,0x80,0x80,0x80,0x80,0x44,0x38,0x00,0x00, //"c"
0x00,0x00,0x0C,0x04,0x04,0x04,0x34,0x4C,0x84,0x84,0x84,0x84,0x4C,0x36,0x00,0x00, //"d"
0x00,0x00,0x00,0x00,0x00,0x00,0x78,0x84,0x84,0xFC,0x80,0x80,0x84,0x78,0x00,0x00, //"e"
0x00,0x00,0x18,0x24,0x20,0x20,0xF8,0x20,0x20,0x20,0x20,0x20,0x20,0x70,0x00,0x00, //"f"
0x00,0x00,0x00,0x00,0x00,0x00,0x3A,0x44,0x44,0x78,0x80,0x7C,0x82,0x82,0x7C,0x00, //"g"
0x00,0x00,0xC0,0x40,0x40,0x40,0x58,0x64,0x44,0x44,0x44,0x44,0x44,0xEE,0x00,0x00, //"h"
0x00,0x00,0x10,0x10,0x00,0x00,0x30,0x10,0x10,0x10,0x10,0x10,0x10,0x38,0x00,0x00, //"i"
0x00,0x00,0x10,0x10,0x00,0x00,0x30,0x10,0x10,0x10,0x10,0x10,0x10,0x90,0x60,0x00, //"j"
0x00,0x00,0xC0,0x40,0x40,0x40,0x5C,0x48,0x50,0x60,0x50,0x48,0x44,0xEE,0x00,0x00, //"k"
0x00,0x00,0x30,0x10,0x10,0x10,0x10,0x11,0x10,0x10,0x10,0x10,0x10,0x39,0x00,0x00, //"l"
0x00,0x00,0x00,0x00,0x00,0x00,0xAC,0xD2,0x92,0x92,0x92,0x92,0x92,0xD6,0x00,0x00, //"m"
0x00,0x00,0x00,0x00,0x00,0x00,0x58,0xE4,0x44,0x44,0x44,0x44,0x44,0xEE,0x00,0x00, //"n"
0x00,0x00,0x00,0x00,0x00,0x00,0x38,0x44,0x82,0x82,0x82,0x82,0x44,0x38,0x00,0x00, //"o"
0x00,0x00,0x00,0x00,0x00,0x00,0xD8,0x64,0x42,0x42,0x42,0x64,0x58,0x40,0xE0,0x00, //"p"
//0x00,0x00,0x00,0x00,0x00,0x00,0x36,0x4C,0x84,0x84,0x84,0x4C,0x34,0x04,0x0E,0x00, //"q"
//0x00,0x00,0x00,0x00,0x00,0x00,0x6C,0x30,0x20,0x20,0x20,0x20,0x20,0x70,0x00,0x00, //"r"
//0x00,0x00,0x00,0x00,0x00,0x00,0x78,0x88,0x84,0x60,0x18,0x84,0x44,0x78,0x00,0x00, //"s"
//0x00,0x00,0x00,0x20,0x20,0x20,0xF8,0x20,0x20,0x20,0x20,0x20,0x24,0x18,0x00,0x00, //"t"
//0x00,0x00,0x00,0x00,0x00,0x00,0xC6,0x42,0x42,0x42,0x42,0x42,0x46,0x3A,0x00,0x00, //"u"
//0x00,0x00,0x00,0x00,0x00,0x00,0xEE,0x44,0x44,0x28,0x28,0x28,0x10,0x10,0x00,0x00, //"v"
//0x00,0x00,0x00,0x00,0x00,0x00,0xEE,0x44,0x44,0x54,0x54,0x28,0x28,0x28,0x00,0x00, //"w"
//0x00,0x00,0x00,0x00,0x00,0x00,0xEE,0x44,0x28,0x10,0x10,0x28,0x44,0xEE,0x00,0x00, //"x"
//0x00,0x00,0x00,0x00,0x00,0x00,0xEE,0x44,0x44,0x28,0x28,0x10,0x10,0xA0,0xC0,0x00, //"y"
//0x00,0x00,0x00,0x00,0x00,0x00,0x7E,0x44,0x88,0x10,0x20,0x42,0x84,0xFC,0x00,0x00, //"z"
//0x00,0x0C,0x10,0x10,0x10,0x10,0x10,0x60,0x10,0x10,0x10,0x10,0x10,0x10,0x0C,0x00, //"{"
//0x00,0x10,0x10,0x10,0x10,0x10,0x10,0x10,0x10,0x10,0x10,0x10,0x10,0x10,0x10,0x00, //"|"
//0x00,0xC0,0x20,0x20,0x20,0x20,0x20,0x18,0x20,0x20,0x20,0x20,0x20,0x20,0xC0,0x00, //"}"
//0x00,0x00,0x00,0x00,0x00,0x00,0x00,0x72,0x8C,0x00,0x00,0x00,0x00,0x00,0x00,0x00, //"~"
#endif
0x00,
};

const unsigned char ascii_1206[][12]={

{0x00,0x00,0x00,0x00,0x00,0x00,0x00,0x00,0x00,0x00,0x00,0x00},/*" ",0*/
{0x00,0x00,0x04,0x04,0x04,0x04,0x04,0x00,0x00,0x04,0x00,0x00},/*"!",1*/
{0x14,0x14,0x0A,0x00,0x00,0x00,0x00,0x00,0x00,0x00,0x00,0x00},/*""",2*/
{0x00,0x00,0x0A,0x0A,0x1F,0x0A,0x0A,0x1F,0x0A,0x0A,0x00,0x00},/*"#",3*/
{0x00,0x04,0x0E,0x15,0x05,0x06,0x0C,0x14,0x15,0x0E,0x04,0x00},/*"$",4*/
{0x00,0x00,0x12,0x15,0x0D,0x15,0x2E,0x2C,0x2A,0x12,0x00,0x00},/*"%",5*/
{0x00,0x00,0x04,0x0A,0x0A,0x36,0x15,0x15,0x29,0x16,0x00,0x00},/*"&",6*/
{0x02,0x02,0x01,0x00,0x00,0x00,0x00,0x00,0x00,0x00,0x00,0x00},/*"'",7*/
{0x10,0x08,0x08,0x04,0x04,0x04,0x04,0x04,0x08,0x08,0x10,0x00},/*"(",8*/
{0x02,0x04,0x04,0x08,0x08,0x08,0x08,0x08,0x04,0x04,0x02,0x00},/*")",9*/
{0x00,0x00,0x00,0x04,0x15,0x0E,0x0E,0x15,0x04,0x00,0x00,0x00},/*"*",10*/
{0x00,0x00,0x00,0x08,0x08,0x3E,0x08,0x08,0x00,0x00,0x00,0x00},/*"+",11*/
{0x00,0x00,0x00,0x00,0x00,0x00,0x00,0x00,0x02,0x02,0x01,0x00},/*",",12*/
{0x00,0x00,0x00,0x00,0x00,0x3F,0x00,0x00,0x00,0x00,0x00,0x00},/*"-",13*/
{0x00,0x00,0x00,0x00,0x00,0x00,0x00,0x00,0x00,0x02,0x00,0x00},/*".",14*/
{0x00,0x20,0x10,0x10,0x08,0x08,0x04,0x04,0x02,0x02,0x01,0x00},/*"/",15*/
{0x00,0x00,0x0E,0x11,0x11,0x11,0x11,0x11,0x11,0x0E,0x00,0x00},/*"0",16*/
{0x00,0x00,0x04,0x06,0x04,0x04,0x04,0x04,0x04,0x0E,0x00,0x00},/*"1",17*/
{0x00,0x00,0x0E,0x11,0x11,0x08,0x04,0x02,0x01,0x1F,0x00,0x00},/*"2",18*/
{0x00,0x00,0x0E,0x11,0x10,0x0C,0x10,0x10,0x11,0x0E,0x00,0x00},/*"3",19*/
{0x00,0x00,0x08,0x0C,0x0C,0x0A,0x09,0x1F,0x08,0x1C,0x00,0x00},/*"4",20*/
{0x00,0x00,0x1F,0x01,0x01,0x0F,0x11,0x10,0x11,0x0E,0x00,0x00},/*"5",21*/
{0x00,0x00,0x0C,0x12,0x01,0x0D,0x13,0x11,0x11,0x0E,0x00,0x00},/*"6",22*/
{0x00,0x00,0x1E,0x10,0x08,0x08,0x04,0x04,0x04,0x04,0x00,0x00},/*"7",23*/
{0x00,0x00,0x0E,0x11,0x11,0x0E,0x11,0x11,0x11,0x0E,0x00,0x00},/*"8",24*/
{0x00,0x00,0x0E,0x11,0x11,0x19,0x16,0x10,0x09,0x06,0x00,0x00},/*"9",25*/
{0x00,0x00,0x00,0x00,0x04,0x00,0x00,0x00,0x00,0x04,0x00,0x00},/*":",26*/
{0x00,0x00,0x00,0x00,0x00,0x04,0x00,0x00,0x00,0x04,0x04,0x00},/*";",27*/
{0x00,0x00,0x10,0x08,0x04,0x02,0x02,0x04,0x08,0x10,0x00,0x00},/*"<",28*/
{0x00,0x00,0x00,0x00,0x3F,0x00,0x3F,0x00,0x00,0x00,0x00,0x00},/*"=",29*/
{0x00,0x00,0x02,0x04,0x08,0x10,0x10,0x08,0x04,0x02,0x00,0x00},/*">",30*/
{0x00,0x00,0x0E,0x11,0x11,0x08,0x04,0x04,0x00,0x04,0x00,0x00},/*"?",31*/
{0x00,0x00,0x1C,0x22,0x29,0x2D,0x2D,0x1D,0x22,0x1C,0x00,0x00},/*"@",32*/
{0x00,0x00,0x04,0x04,0x0C,0x0A,0x0A,0x1E,0x12,0x33,0x00,0x00},/*"A",33*/
{0x00,0x00,0x0F,0x12,0x12,0x0E,0x12,0x12,0x12,0x0F,0x00,0x00},/*"B",34*/
{0x00,0x00,0x1E,0x11,0x01,0x01,0x01,0x01,0x11,0x0E,0x00,0x00},/*"C",35*/
{0x00,0x00,0x0F,0x12,0x12,0x12,0x12,0x12,0x12,0x0F,0x00,0x00},/*"D",36*/
{0x00,0x00,0x1F,0x12,0x0A,0x0E,0x0A,0x02,0x12,0x1F,0x00,0x00},/*"E",37*/
{0x00,0x00,0x1F,0x12,0x0A,0x0E,0x0A,0x02,0x02,0x07,0x00,0x00},/*"F",38*/
{0x00,0x00,0x1C,0x12,0x01,0x01,0x39,0x11,0x12,0x0C,0x00,0x00},/*"G",39*/
{0x00,0x00,0x33,0x12,0x12,0x1E,0x12,0x12,0x12,0x33,0x00,0x00},/*"H",40*/
{0x00,0x00,0x1F,0x04,0x04,0x04,0x04,0x04,0x04,0x1F,0x00,0x00},/*"I",41*/
{0x00,0x00,0x3E,0x08,0x08,0x08,0x08,0x08,0x08,0x08,0x09,0x07},/*"J",42*/
{0x00,0x00,0x37,0x12,0x0A,0x06,0x0A,0x12,0x12,0x37,0x00,0x00},/*"K",43*/
{0x00,0x00,0x07,0x02,0x02,0x02,0x02,0x02,0x22,0x3F,0x00,0x00},/*"L",44*/
{0x00,0x00,0x3B,0x1B,0x1B,0x1B,0x15,0x15,0x15,0x35,0x00,0x00},/*"M",45*/
{0x00,0x00,0x3B,0x12,0x16,0x16,0x1A,0x1A,0x12,0x17,0x00,0x00},/*"N",46*/
{0x00,0x00,0x0E,0x11,0x11,0x11,0x11,0x11,0x11,0x0E,0x00,0x00},/*"O",47*/
{0x00,0x00,0x0F,0x12,0x12,0x0E,0x02,0x02,0x02,0x07,0x00,0x00},/*"P",48*/
{0x00,0x00,0x0E,0x11,0x11,0x11,0x11,0x17,0x19,0x0E,0x18,0x00},/*"Q",49*/
{0x00,0x00,0x0F,0x12,0x12,0x0E,0x0A,0x12,0x12,0x37,0x00,0x00},/*"R",50*/
{0x00,0x00,0x1E,0x11,0x01,0x06,0x08,0x10,0x11,0x0F,0x00,0x00},/*"S",51*/
{0x00,0x00,0x1F,0x15,0x04,0x04,0x04,0x04,0x04,0x0E,0x00,0x00},/*"T",52*/
{0x00,0x00,0x33,0x12,0x12,0x12,0x12,0x12,0x12,0x0C,0x00,0x00},/*"U",53*/
{0x00,0x00,0x33,0x12,0x12,0x0A,0x0A,0x0C,0x04,0x04,0x00,0x00},/*"V",54*/
{0x00,0x00,0x15,0x15,0x15,0x15,0x0E,0x0A,0x0A,0x0A,0x00,0x00},/*"W",55*/
{0x00,0x00,0x1B,0x0A,0x0A,0x04,0x04,0x0A,0x0A,0x1B,0x00,0x00},/*"X",56*/
{0x00,0x00,0x1B,0x0A,0x0A,0x0A,0x04,0x04,0x04,0x0E,0x00,0x00},/*"Y",57*/
{0x00,0x00,0x1F,0x09,0x08,0x04,0x04,0x02,0x12,0x1F,0x00,0x00},/*"Z",58*/
{0x1C,0x04,0x04,0x04,0x04,0x04,0x04,0x04,0x04,0x04,0x1C,0x00},/*"[",59*/
{0x00,0x02,0x02,0x04,0x04,0x04,0x08,0x08,0x08,0x10,0x10,0x00},/*"\",60*/
{0x0E,0x08,0x08,0x08,0x08,0x08,0x08,0x08,0x08,0x08,0x0E,0x00},/*"]",61*/
{0x04,0x0A,0x00,0x00,0x00,0x00,0x00,0x00,0x00,0x00,0x00,0x00},/*"^",62*/
{0x00,0x00,0x00,0x00,0x00,0x00,0x00,0x00,0x00,0x00,0x00,0x3F},/*"_",63*/
{0x02,0x04,0x00,0x00,0x00,0x00,0x00,0x00,0x00,0x00,0x00,0x00},/*"`",64*/
{0x00,0x00,0x00,0x00,0x00,0x0C,0x12,0x1C,0x12,0x3C,0x00,0x00},/*"a",65*/
{0x00,0x03,0x02,0x02,0x02,0x0E,0x12,0x12,0x12,0x0E,0x00,0x00},/*"b",66*/
{0x00,0x00,0x00,0x00,0x00,0x1C,0x12,0x02,0x12,0x0C,0x00,0x00},/*"c",67*/
{0x00,0x18,0x10,0x10,0x10,0x1C,0x12,0x12,0x12,0x3C,0x00,0x00},/*"d",68*/
{0x00,0x00,0x00,0x00,0x00,0x0C,0x12,0x1E,0x02,0x1C,0x00,0x00},/*"e",69*/
{0x00,0x18,0x24,0x04,0x04,0x1E,0x04,0x04,0x04,0x1E,0x00,0x00},/*"f",70*/
{0x00,0x00,0x00,0x00,0x00,0x3C,0x12,0x0C,0x02,0x1C,0x22,0x1C},/*"g",71*/
{0x00,0x03,0x02,0x02,0x02,0x0E,0x12,0x12,0x12,0x37,0x00,0x00},/*"h",72*/
{0x00,0x04,0x04,0x00,0x00,0x06,0x04,0x04,0x04,0x0E,0x00,0x00},/*"i",73*/
{0x00,0x08,0x08,0x00,0x00,0x0C,0x08,0x08,0x08,0x08,0x08,0x07},/*"j",74*/
{0x00,0x03,0x02,0x02,0x02,0x1A,0x0A,0x06,0x0A,0x13,0x00,0x00},/*"k",75*/
{0x00,0x07,0x04,0x04,0x04,0x04,0x04,0x04,0x04,0x1F,0x00,0x00},/*"l",76*/
{0x00,0x00,0x00,0x00,0x00,0x0F,0x15,0x15,0x15,0x15,0x00,0x00},/*"m",77*/
{0x00,0x00,0x00,0x00,0x00,0x0F,0x12,0x12,0x12,0x37,0x00,0x00},/*"n",78*/
{0x00,0x00,0x00,0x00,0x00,0x0C,0x12,0x12,0x12,0x0C,0x00,0x00},/*"o",79*/
{0x00,0x00,0x00,0x00,0x00,0x0F,0x12,0x12,0x12,0x0E,0x02,0x07},/*"p",80*/
{0x00,0x00,0x00,0x00,0x00,0x1C,0x12,0x12,0x12,0x1C,0x10,0x38},/*"q",81*/
{0x00,0x00,0x00,0x00,0x00,0x1B,0x06,0x02,0x02,0x07,0x00,0x00},/*"r",82*/
{0x00,0x00,0x00,0x00,0x00,0x1E,0x02,0x0C,0x10,0x1E,0x00,0x00},/*"s",83*/
{0x00,0x00,0x00,0x04,0x04,0x1E,0x04,0x04,0x04,0x1C,0x00,0x00},/*"t",84*/
{0x00,0x00,0x00,0x00,0x00,0x1B,0x12,0x12,0x12,0x3C,0x00,0x00},/*"u",85*/
{0x00,0x00,0x00,0x00,0x00,0x1B,0x0A,0x0A,0x04,0x04,0x00,0x00},/*"v",86*/
{0x00,0x00,0x00,0x00,0x00,0x15,0x15,0x0E,0x0A,0x0A,0x00,0x00},/*"w",87*/
{0x00,0x00,0x00,0x00,0x00,0x1B,0x0A,0x04,0x0A,0x1B,0x00,0x00},/*"x",88*/
{0x00,0x00,0x00,0x00,0x00,0x33,0x12,0x12,0x0C,0x08,0x04,0x03},/*"y",89*/
{0x00,0x00,0x00,0x00,0x00,0x1E,0x08,0x04,0x04,0x1E,0x00,0x00},/*"z",90*/
{0x18,0x08,0x08,0x08,0x08,0x0C,0x08,0x08,0x08,0x08,0x18,0x00},/*"{",91*/
{0x08,0x08,0x08,0x08,0x08,0x08,0x08,0x08,0x08,0x08,0x08,0x08},/*"|",92*/
{0x06,0x04,0x04,0x04,0x04,0x08,0x04,0x04,0x04,0x04,0x06,0x00},/*"}",93*/
{0x16,0x09,0x00,0x00,0x00,0x00,0x00,0x00,0x00,0x00,0x00,0x00},/*"~",94*/
};

//const unsigned char ascii_1608[][16]={
//{0x00,0x00,0x00,0x00,0x00,0x00,0x00,0x00,0x00,0x00,0x00,0x00,0x00,0x00,0x00,0x00},/*" ",0*/
//{0x00,0x00,0x00,0x08,0x08,0x08,0x08,0x08,0x08,0x08,0x00,0x00,0x18,0x18,0x00,0x00},/*"!",1*/
//{0x00,0x48,0x6C,0x24,0x12,0x00,0x00,0x00,0x00,0x00,0x00,0x00,0x00,0x00,0x00,0x00},/*""",2*/
//{0x00,0x00,0x00,0x24,0x24,0x24,0x7F,0x12,0x12,0x12,0x7F,0x12,0x12,0x12,0x00,0x00},/*"#",3*/
//{0x00,0x00,0x08,0x1C,0x2A,0x2A,0x0A,0x0C,0x18,0x28,0x28,0x2A,0x2A,0x1C,0x08,0x08},/*"$",4*/
//{0x00,0x00,0x00,0x22,0x25,0x15,0x15,0x15,0x2A,0x58,0x54,0x54,0x54,0x22,0x00,0x00},/*"%",5*/
//{0x00,0x00,0x00,0x0C,0x12,0x12,0x12,0x0A,0x76,0x25,0x29,0x11,0x91,0x6E,0x00,0x00},/*"&",6*/
//{0x00,0x06,0x06,0x04,0x03,0x00,0x00,0x00,0x00,0x00,0x00,0x00,0x00,0x00,0x00,0x00},/*"'",7*/
//{0x00,0x40,0x20,0x10,0x10,0x08,0x08,0x08,0x08,0x08,0x08,0x10,0x10,0x20,0x40,0x00},/*"(",8*/
//{0x00,0x02,0x04,0x08,0x08,0x10,0x10,0x10,0x10,0x10,0x10,0x08,0x08,0x04,0x02,0x00},/*")",9*/
//{0x00,0x00,0x00,0x00,0x08,0x08,0x6B,0x1C,0x1C,0x6B,0x08,0x08,0x00,0x00,0x00,0x00},/*"*",10*/
//{0x00,0x00,0x00,0x00,0x08,0x08,0x08,0x08,0x7F,0x08,0x08,0x08,0x08,0x00,0x00,0x00},/*"+",11*/
//{0x00,0x00,0x00,0x00,0x00,0x00,0x00,0x00,0x00,0x00,0x00,0x00,0x06,0x06,0x04,0x03},/*",",12*/
//{0x00,0x00,0x00,0x00,0x00,0x00,0x00,0x00,0xFE,0x00,0x00,0x00,0x00,0x00,0x00,0x00},/*"-",13*/
//{0x00,0x00,0x00,0x00,0x00,0x00,0x00,0x00,0x00,0x00,0x00,0x00,0x06,0x06,0x00,0x00},/*".",14*/
//{0x00,0x00,0x80,0x40,0x40,0x20,0x20,0x10,0x10,0x08,0x08,0x04,0x04,0x02,0x02,0x00},/*"/",15*/
//{0x00,0x00,0x00,0x18,0x24,0x42,0x42,0x42,0x42,0x42,0x42,0x42,0x24,0x18,0x00,0x00},/*"0",16*/
//{0x00,0x00,0x00,0x08,0x0E,0x08,0x08,0x08,0x08,0x08,0x08,0x08,0x08,0x3E,0x00,0x00},/*"1",17*/
//{0x00,0x00,0x00,0x3C,0x42,0x42,0x42,0x20,0x20,0x10,0x08,0x04,0x42,0x7E,0x00,0x00},/*"2",18*/
//{0x00,0x00,0x00,0x3C,0x42,0x42,0x20,0x18,0x20,0x40,0x40,0x42,0x22,0x1C,0x00,0x00},/*"3",19*/
//{0x00,0x00,0x00,0x20,0x30,0x28,0x24,0x24,0x22,0x22,0x7E,0x20,0x20,0x78,0x00,0x00},/*"4",20*/
//{0x00,0x00,0x00,0x7E,0x02,0x02,0x02,0x1A,0x26,0x40,0x40,0x42,0x22,0x1C,0x00,0x00},/*"5",21*/
//{0x00,0x00,0x00,0x38,0x24,0x02,0x02,0x1A,0x26,0x42,0x42,0x42,0x24,0x18,0x00,0x00},/*"6",22*/
//{0x00,0x00,0x00,0x7E,0x22,0x22,0x10,0x10,0x08,0x08,0x08,0x08,0x08,0x08,0x00,0x00},/*"7",23*/
//{0x00,0x00,0x00,0x3C,0x42,0x42,0x42,0x24,0x18,0x24,0x42,0x42,0x42,0x3C,0x00,0x00},/*"8",24*/
//{0x00,0x00,0x00,0x18,0x24,0x42,0x42,0x42,0x64,0x58,0x40,0x40,0x24,0x1C,0x00,0x00},/*"9",25*/
//{0x00,0x00,0x00,0x00,0x00,0x00,0x18,0x18,0x00,0x00,0x00,0x00,0x18,0x18,0x00,0x00},/*":",26*/
//{0x00,0x00,0x00,0x00,0x00,0x00,0x00,0x08,0x00,0x00,0x00,0x00,0x00,0x08,0x08,0x04},/*";",27*/
//{0x00,0x00,0x00,0x40,0x20,0x10,0x08,0x04,0x02,0x04,0x08,0x10,0x20,0x40,0x00,0x00},/*"<",28*/
//{0x00,0x00,0x00,0x00,0x00,0x00,0x7F,0x00,0x00,0x00,0x7F,0x00,0x00,0x00,0x00,0x00},/*"=",29*/
//{0x00,0x00,0x00,0x02,0x04,0x08,0x10,0x20,0x40,0x20,0x10,0x08,0x04,0x02,0x00,0x00},/*">",30*/
//{0x00,0x00,0x00,0x3C,0x42,0x42,0x46,0x40,0x20,0x10,0x10,0x00,0x18,0x18,0x00,0x00},/*"?",31*/
//{0x00,0x00,0x00,0x1C,0x22,0x5A,0x55,0x55,0x55,0x55,0x2D,0x42,0x22,0x1C,0x00,0x00},/*"@",32*/
//{0x00,0x00,0x00,0x08,0x08,0x18,0x14,0x14,0x24,0x3C,0x22,0x42,0x42,0xE7,0x00,0x00},/*"A",33*/
//{0x00,0x00,0x00,0x1F,0x22,0x22,0x22,0x1E,0x22,0x42,0x42,0x42,0x22,0x1F,0x00,0x00},/*"B",34*/
//{0x00,0x00,0x00,0x7C,0x42,0x42,0x01,0x01,0x01,0x01,0x01,0x42,0x22,0x1C,0x00,0x00},/*"C",35*/
//{0x00,0x00,0x00,0x1F,0x22,0x42,0x42,0x42,0x42,0x42,0x42,0x42,0x22,0x1F,0x00,0x00},/*"D",36*/
//{0x00,0x00,0x00,0x3F,0x42,0x12,0x12,0x1E,0x12,0x12,0x02,0x42,0x42,0x3F,0x00,0x00},/*"E",37*/
//{0x00,0x00,0x00,0x3F,0x42,0x12,0x12,0x1E,0x12,0x12,0x02,0x02,0x02,0x07,0x00,0x00},/*"F",38*/
//{0x00,0x00,0x00,0x3C,0x22,0x22,0x01,0x01,0x01,0x71,0x21,0x22,0x22,0x1C,0x00,0x00},/*"G",39*/
//{0x00,0x00,0x00,0xE7,0x42,0x42,0x42,0x42,0x7E,0x42,0x42,0x42,0x42,0xE7,0x00,0x00},/*"H",40*/
//{0x00,0x00,0x00,0x3E,0x08,0x08,0x08,0x08,0x08,0x08,0x08,0x08,0x08,0x3E,0x00,0x00},/*"I",41*/
//{0x00,0x00,0x00,0x7C,0x10,0x10,0x10,0x10,0x10,0x10,0x10,0x10,0x10,0x10,0x11,0x0F},/*"J",42*/
//{0x00,0x00,0x00,0x77,0x22,0x12,0x0A,0x0E,0x0A,0x12,0x12,0x22,0x22,0x77,0x00,0x00},/*"K",43*/
//{0x00,0x00,0x00,0x07,0x02,0x02,0x02,0x02,0x02,0x02,0x02,0x02,0x42,0x7F,0x00,0x00},/*"L",44*/
//{0x00,0x00,0x00,0x77,0x36,0x36,0x36,0x36,0x2A,0x2A,0x2A,0x2A,0x2A,0x6B,0x00,0x00},/*"M",45*/
//{0x00,0x00,0x00,0xE3,0x46,0x46,0x4A,0x4A,0x52,0x52,0x52,0x62,0x62,0x47,0x00,0x00},/*"N",46*/
//{0x00,0x00,0x00,0x1C,0x22,0x41,0x41,0x41,0x41,0x41,0x41,0x41,0x22,0x1C,0x00,0x00},/*"O",47*/
//{0x00,0x00,0x00,0x3F,0x42,0x42,0x42,0x42,0x3E,0x02,0x02,0x02,0x02,0x07,0x00,0x00},/*"P",48*/
//{0x00,0x00,0x00,0x1C,0x22,0x41,0x41,0x41,0x41,0x41,0x4D,0x53,0x32,0x1C,0x60,0x00},/*"Q",49*/
//{0x00,0x00,0x00,0x3F,0x42,0x42,0x42,0x3E,0x12,0x12,0x22,0x22,0x42,0xC7,0x00,0x00},/*"R",50*/
//{0x00,0x00,0x00,0x7C,0x42,0x42,0x02,0x04,0x18,0x20,0x40,0x42,0x42,0x3E,0x00,0x00},/*"S",51*/
//{0x00,0x00,0x00,0x7F,0x49,0x08,0x08,0x08,0x08,0x08,0x08,0x08,0x08,0x1C,0x00,0x00},/*"T",52*/
//{0x00,0x00,0x00,0xE7,0x42,0x42,0x42,0x42,0x42,0x42,0x42,0x42,0x42,0x3C,0x00,0x00},/*"U",53*/
//{0x00,0x00,0x00,0xE7,0x42,0x42,0x22,0x24,0x24,0x14,0x14,0x18,0x08,0x08,0x00,0x00},/*"V",54*/
//{0x00,0x00,0x00,0x6B,0x49,0x49,0x49,0x49,0x55,0x55,0x36,0x22,0x22,0x22,0x00,0x00},/*"W",55*/
//{0x00,0x00,0x00,0xE7,0x42,0x24,0x24,0x18,0x18,0x18,0x24,0x24,0x42,0xE7,0x00,0x00},/*"X",56*/
//{0x00,0x00,0x00,0x77,0x22,0x22,0x14,0x14,0x08,0x08,0x08,0x08,0x08,0x1C,0x00,0x00},/*"Y",57*/
//{0x00,0x00,0x00,0x7E,0x21,0x20,0x10,0x10,0x08,0x04,0x04,0x42,0x42,0x3F,0x00,0x00},/*"Z",58*/
//{0x00,0x78,0x08,0x08,0x08,0x08,0x08,0x08,0x08,0x08,0x08,0x08,0x08,0x08,0x78,0x00},/*"[",59*/
//{0x00,0x00,0x02,0x02,0x04,0x04,0x08,0x08,0x08,0x10,0x10,0x20,0x20,0x20,0x40,0x40},/*"\",60*/
//{0x00,0x1E,0x10,0x10,0x10,0x10,0x10,0x10,0x10,0x10,0x10,0x10,0x10,0x10,0x1E,0x00},/*"]",61*/
//{0x00,0x38,0x44,0x00,0x00,0x00,0x00,0x00,0x00,0x00,0x00,0x00,0x00,0x00,0x00,0x00},/*"^",62*/
//{0x00,0x00,0x00,0x00,0x00,0x00,0x00,0x00,0x00,0x00,0x00,0x00,0x00,0x00,0x00,0xFF},/*"_",63*/
//{0x00,0x06,0x08,0x00,0x00,0x00,0x00,0x00,0x00,0x00,0x00,0x00,0x00,0x00,0x00,0x00},/*"`",64*/
//{0x00,0x00,0x00,0x00,0x00,0x00,0x00,0x3C,0x42,0x78,0x44,0x42,0x42,0xFC,0x00,0x00},/*"a",65*/
//{0x00,0x00,0x00,0x03,0x02,0x02,0x02,0x1A,0x26,0x42,0x42,0x42,0x26,0x1A,0x00,0x00},/*"b",66*/
//{0x00,0x00,0x00,0x00,0x00,0x00,0x00,0x38,0x44,0x02,0x02,0x02,0x44,0x38,0x00,0x00},/*"c",67*/
//{0x00,0x00,0x00,0x60,0x40,0x40,0x40,0x78,0x44,0x42,0x42,0x42,0x64,0xD8,0x00,0x00},/*"d",68*/
//{0x00,0x00,0x00,0x00,0x00,0x00,0x00,0x3C,0x42,0x7E,0x02,0x02,0x42,0x3C,0x00,0x00},/*"e",69*/
//{0x00,0x00,0x00,0xF0,0x88,0x08,0x08,0x7E,0x08,0x08,0x08,0x08,0x08,0x3E,0x00,0x00},/*"f",70*/
//{0x00,0x00,0x00,0x00,0x00,0x00,0x00,0x7C,0x22,0x22,0x1C,0x02,0x3C,0x42,0x42,0x3C},/*"g",71*/
//{0x00,0x00,0x00,0x03,0x02,0x02,0x02,0x3A,0x46,0x42,0x42,0x42,0x42,0xE7,0x00,0x00},/*"h",72*/
//{0x00,0x00,0x00,0x0C,0x0C,0x00,0x00,0x0E,0x08,0x08,0x08,0x08,0x08,0x3E,0x00,0x00},/*"i",73*/
//{0x00,0x00,0x00,0x30,0x30,0x00,0x00,0x38,0x20,0x20,0x20,0x20,0x20,0x20,0x22,0x1E},/*"j",74*/
//{0x00,0x00,0x00,0x03,0x02,0x02,0x02,0x72,0x12,0x0A,0x16,0x12,0x22,0x77,0x00,0x00},/*"k",75*/
//{0x00,0x00,0x00,0x0E,0x08,0x08,0x08,0x08,0x08,0x08,0x08,0x08,0x08,0x3E,0x00,0x00},/*"l",76*/
//{0x00,0x00,0x00,0x00,0x00,0x00,0x00,0x7F,0x92,0x92,0x92,0x92,0x92,0xB7,0x00,0x00},/*"m",77*/
//{0x00,0x00,0x00,0x00,0x00,0x00,0x00,0x3B,0x46,0x42,0x42,0x42,0x42,0xE7,0x00,0x00},/*"n",78*/
//{0x00,0x00,0x00,0x00,0x00,0x00,0x00,0x3C,0x42,0x42,0x42,0x42,0x42,0x3C,0x00,0x00},/*"o",79*/
//{0x00,0x00,0x00,0x00,0x00,0x00,0x00,0x1B,0x26,0x42,0x42,0x42,0x22,0x1E,0x02,0x07},/*"p",80*/
//{0x00,0x00,0x00,0x00,0x00,0x00,0x00,0x78,0x44,0x42,0x42,0x42,0x44,0x78,0x40,0xE0},/*"q",81*/
//{0x00,0x00,0x00,0x00,0x00,0x00,0x00,0x77,0x4C,0x04,0x04,0x04,0x04,0x1F,0x00,0x00},/*"r",82*/
//{0x00,0x00,0x00,0x00,0x00,0x00,0x00,0x7C,0x42,0x02,0x3C,0x40,0x42,0x3E,0x00,0x00},/*"s",83*/
//{0x00,0x00,0x00,0x00,0x00,0x08,0x08,0x3E,0x08,0x08,0x08,0x08,0x08,0x30,0x00,0x00},/*"t",84*/
//{0x00,0x00,0x00,0x00,0x00,0x00,0x00,0x63,0x42,0x42,0x42,0x42,0x62,0xDC,0x00,0x00},/*"u",85*/
//{0x00,0x00,0x00,0x00,0x00,0x00,0x00,0xE7,0x42,0x24,0x24,0x14,0x08,0x08,0x00,0x00},/*"v",86*/
//{0x00,0x00,0x00,0x00,0x00,0x00,0x00,0xEB,0x49,0x49,0x55,0x55,0x22,0x22,0x00,0x00},/*"w",87*/
//{0x00,0x00,0x00,0x00,0x00,0x00,0x00,0x76,0x24,0x18,0x18,0x18,0x24,0x6E,0x00,0x00},/*"x",88*/
//{0x00,0x00,0x00,0x00,0x00,0x00,0x00,0xE7,0x42,0x24,0x24,0x14,0x18,0x08,0x08,0x07},/*"y",89*/
//{0x00,0x00,0x00,0x00,0x00,0x00,0x00,0x7E,0x22,0x10,0x08,0x08,0x44,0x7E,0x00,0x00},/*"z",90*/
//{0x00,0xC0,0x20,0x20,0x20,0x20,0x20,0x10,0x20,0x20,0x20,0x20,0x20,0x20,0xC0,0x00},/*"{",91*/
//{0x10,0x10,0x10,0x10,0x10,0x10,0x10,0x10,0x10,0x10,0x10,0x10,0x10,0x10,0x10,0x10},/*"|",92*/
//{0x00,0x06,0x08,0x08,0x08,0x08,0x08,0x10,0x08,0x08,0x08,0x08,0x08,0x08,0x06,0x00},/*"}",93*/
//{0x0C,0x32,0xC2,0x00,0x00,0x00,0x00,0x00,0x00,0x00,0x00,0x00,0x00,0x00,0x00,0x00},/*"~",94*/
//}; 
const unsigned char ascii_2412[][48]={
{0x00,0x00,0x00,0x00,0x00,0x00,0x00,0x00,0x00,0x00,0x00,0x00,0x00,0x00,0x00,0x00,0x00,0x00,0x00,0x00,0x00,0x00,0x00,0x00,0x00,0x00,0x00,0x00,0x00,0x00,0x00,0x00,0x00,0x00,0x00,0x00,0x00,0x00,0x00,0x00,0x00,0x00,0x00,0x00,0x00,0x00,0x00,0x00},/*" ",0*/
{0x00,0x00,0x00,0x00,0x00,0x00,0x00,0x00,0x60,0x00,0x60,0x00,0x60,0x00,0x60,0x00,0x60,0x00,0x60,0x00,0x60,0x00,0x40,0x00,0x20,0x00,0x20,0x00,0x20,0x00,0x00,0x00,0x00,0x00,0x00,0x00,0x60,0x00,0x60,0x00,0x60,0x00,0x00,0x00,0x00,0x00,0x00,0x00},/*"!",1*/
{0x00,0x00,0x00,0x00,0x60,0x06,0x60,0x06,0x30,0x03,0x98,0x01,0x88,0x00,0x44,0x00,0x00,0x00,0x00,0x00,0x00,0x00,0x00,0x00,0x00,0x00,0x00,0x00,0x00,0x00,0x00,0x00,0x00,0x00,0x00,0x00,0x00,0x00,0x00,0x00,0x00,0x00,0x00,0x00,0x00,0x00,0x00,0x00},/*""",2*/
{0x00,0x00,0x00,0x00,0x00,0x00,0x00,0x00,0x10,0x02,0x10,0x02,0x10,0x02,0x10,0x02,0xFE,0x07,0xFE,0x07,0x08,0x02,0x08,0x01,0x08,0x01,0x08,0x01,0x08,0x01,0xFE,0x07,0xFE,0x07,0x04,0x01,0x04,0x01,0x04,0x01,0x04,0x01,0x00,0x00,0x00,0x00,0x00,0x00},/*"#",3*/
{0x00,0x00,0x00,0x00,0x00,0x00,0x40,0x00,0x40,0x00,0xF0,0x01,0x58,0x03,0x4C,0x03,0xCC,0x03,0x4C,0x00,0x58,0x00,0x70,0x00,0xE0,0x00,0xC0,0x01,0xC0,0x01,0x40,0x03,0x4C,0x03,0x5C,0x03,0x4C,0x03,0x48,0x01,0xF0,0x00,0x40,0x00,0x40,0x00,0x00,0x00},/*"$",4*/
{0x00,0x00,0x00,0x00,0x00,0x00,0x00,0x00,0x0E,0x01,0x0A,0x01,0x91,0x00,0x91,0x00,0x91,0x00,0x51,0x00,0x51,0x00,0x3A,0x00,0xAE,0x03,0xA0,0x02,0x50,0x04,0x50,0x04,0x48,0x04,0x48,0x04,0x48,0x04,0x84,0x02,0x84,0x03,0x00,0x00,0x00,0x00,0x00,0x00},/*"%",5*/
{0x00,0x00,0x00,0x00,0x00,0x00,0x00,0x00,0x38,0x00,0x6C,0x00,0x6C,0x00,0x6C,0x00,0x6C,0x00,0x6C,0x00,0x2C,0x00,0x98,0x07,0x1C,0x01,0x1A,0x01,0x33,0x01,0x33,0x01,0x63,0x01,0xE3,0x00,0xC3,0x08,0xC6,0x09,0x3C,0x07,0x00,0x00,0x00,0x00,0x00,0x00},/*"&",6*/
{0x00,0x00,0x00,0x00,0x0C,0x00,0x1C,0x00,0x10,0x00,0x10,0x00,0x08,0x00,0x04,0x00,0x00,0x00,0x00,0x00,0x00,0x00,0x00,0x00,0x00,0x00,0x00,0x00,0x00,0x00,0x00,0x00,0x00,0x00,0x00,0x00,0x00,0x00,0x00,0x00,0x00,0x00,0x00,0x00,0x00,0x00,0x00,0x00},/*"'",7*/
{0x00,0x00,0x00,0x00,0x00,0x04,0x00,0x02,0x00,0x01,0x80,0x00,0x80,0x00,0x40,0x00,0x40,0x00,0x20,0x00,0x20,0x00,0x20,0x00,0x20,0x00,0x20,0x00,0x20,0x00,0x20,0x00,0x40,0x00,0x40,0x00,0x80,0x00,0x80,0x00,0x00,0x01,0x00,0x02,0x00,0x04,0x00,0x00},/*"(",8*/
{0x00,0x00,0x00,0x00,0x02,0x00,0x04,0x00,0x08,0x00,0x10,0x00,0x10,0x00,0x20,0x00,0x20,0x00,0x40,0x00,0x40,0x00,0x40,0x00,0x40,0x00,0x40,0x00,0x40,0x00,0x40,0x00,0x20,0x00,0x20,0x00,0x10,0x00,0x10,0x00,0x08,0x00,0x04,0x00,0x02,0x00,0x00,0x00},/*")",9*/
{0x00,0x00,0x00,0x00,0x00,0x00,0x00,0x00,0x00,0x00,0x00,0x00,0x40,0x00,0xC0,0x00,0x40,0x00,0x46,0x0C,0x4E,0x0F,0xD0,0x01,0xF0,0x01,0x5E,0x0F,0x46,0x0C,0x40,0x00,0x40,0x00,0x40,0x00,0x00,0x00,0x00,0x00,0x00,0x00,0x00,0x00,0x00,0x00,0x00,0x00},/*"*",10*/
{0x00,0x00,0x00,0x00,0x00,0x00,0x00,0x00,0x00,0x00,0x00,0x00,0x00,0x00,0x40,0x00,0x40,0x00,0x40,0x00,0x40,0x00,0x40,0x00,0xFE,0x0F,0x40,0x00,0x40,0x00,0x40,0x00,0x40,0x00,0x40,0x00,0x00,0x00,0x00,0x00,0x00,0x00,0x00,0x00,0x00,0x00,0x00,0x00},/*"+",11*/
{0x00,0x00,0x00,0x00,0x00,0x00,0x00,0x00,0x00,0x00,0x00,0x00,0x00,0x00,0x00,0x00,0x00,0x00,0x00,0x00,0x00,0x00,0x00,0x00,0x00,0x00,0x00,0x00,0x00,0x00,0x00,0x00,0x00,0x00,0x00,0x00,0x0C,0x00,0x1C,0x00,0x10,0x00,0x10,0x00,0x08,0x00,0x04,0x00},/*",",12*/
{0x00,0x00,0x00,0x00,0x00,0x00,0x00,0x00,0x00,0x00,0x00,0x00,0x00,0x00,0x00,0x00,0x00,0x00,0x00,0x00,0x00,0x00,0x00,0x00,0xFE,0x07,0x00,0x00,0x00,0x00,0x00,0x00,0x00,0x00,0x00,0x00,0x00,0x00,0x00,0x00,0x00,0x00,0x00,0x00,0x00,0x00,0x00,0x00},/*"-",13*/
{0x00,0x00,0x00,0x00,0x00,0x00,0x00,0x00,0x00,0x00,0x00,0x00,0x00,0x00,0x00,0x00,0x00,0x00,0x00,0x00,0x00,0x00,0x00,0x00,0x00,0x00,0x00,0x00,0x00,0x00,0x00,0x00,0x00,0x00,0x00,0x00,0x1C,0x00,0x1C,0x00,0x1C,0x00,0x00,0x00,0x00,0x00,0x00,0x00},/*".",14*/
{0x00,0x00,0x00,0x00,0x00,0x04,0x00,0x06,0x00,0x02,0x00,0x03,0x00,0x01,0x00,0x01,0x80,0x00,0x80,0x00,0x40,0x00,0x40,0x00,0x60,0x00,0x20,0x00,0x20,0x00,0x10,0x00,0x10,0x00,0x08,0x00,0x08,0x00,0x0C,0x00,0x04,0x00,0x06,0x00,0x02,0x00,0x00,0x00},/*"/",15*/
0x00,0x00,0x00,0x00,0x00,0x00,0x00,0x00,0xF0,0x00,0xF8,0x03,0xBC,0x07,0x1C,0x07,0x0E,0x07,0x0E,0x0E,0x0E,0x0E,0x0E,0x0E,0x0E,0x0E,0x0E,0x0E,0x0E,0x0E,0x0E,0x0E,0x0E,0x07,0x1C,0x07,0xBC,0x07,0xF8,0x03,0xE0,0x00,0x00,0x00,0x00,0x00,0x00,0x00,/*"0",0*/
0x00,0x00,0x00,0x00,0x00,0x00,0x00,0x00,0xC0,0x00,0xE0,0x00,0xF0,0x00,0xF8,0x00,0xFC,0x00,0xEC,0x00,0xE0,0x00,0xE0,0x00,0xE0,0x00,0xE0,0x00,0xE0,0x00,0xE0,0x00,0xE0,0x00,0xE0,0x00,0xE0,0x00,0xE0,0x00,0x00,0x00,0x00,0x00,0x00,0x00,0x00,0x00,/*"1",1*/
0x00,0x00,0x00,0x00,0x00,0x00,0x00,0x00,0xF0,0x01,0xFC,0x03,0x9C,0x07,0x0E,0x07,0x0E,0x07,0x00,0x07,0x00,0x07,0x80,0x03,0x80,0x03,0xC0,0x01,0xE0,0x00,0xF0,0x00,0x78,0x00,0x3C,0x00,0x1C,0x00,0xFE,0x0F,0x00,0x00,0x00,0x00,0x00,0x00,0x00,0x00,/*"2",2*/
0x00,0x00,0x00,0x00,0x00,0x00,0x00,0x00,0xF0,0x01,0xF8,0x03,0x1C,0x07,0x0E,0x07,0x0E,0x07,0x00,0x07,0x00,0x07,0xE0,0x03,0xE0,0x03,0x80,0x07,0x00,0x07,0x00,0x0E,0x0E,0x0E,0x0E,0x07,0x9C,0x07,0xF8,0x03,0xF0,0x00,0x00,0x00,0x00,0x00,0x00,0x00,/*"3",3*/
0x00,0x00,0x00,0x00,0x00,0x00,0x00,0x00,0x00,0x03,0x80,0x03,0xC0,0x03,0xC0,0x03,0xE0,0x03,0xF0,0x03,0xF0,0x03,0xB8,0x03,0x9C,0x03,0x9C,0x03,0x8E,0x03,0xFF,0x0F,0xFF,0x0F,0x80,0x03,0x80,0x03,0x80,0x03,0x00,0x00,0x00,0x00,0x00,0x00,0x00,0x00,/*"4",4*/
0x00,0x00,0x00,0x00,0x00,0x00,0x00,0x00,0x00,0x00,0xFC,0x07,0x1C,0x00,0x1C,0x00,0x1C,0x00,0x0C,0x00,0xFE,0x03,0xDE,0x07,0x0E,0x07,0x00,0x07,0x00,0x0E,0x00,0x0E,0x07,0x07,0x0E,0x07,0x8E,0x07,0xFC,0x03,0xF0,0x00,0x00,0x00,0x00,0x00,0x00,0x00,/*"5",5*/
0x00,0x00,0x00,0x00,0x00,0x00,0x00,0x00,0xC0,0x03,0xC0,0x01,0xE0,0x00,0xE0,0x00,0x70,0x00,0x38,0x00,0xF8,0x01,0xFC,0x07,0x1C,0x0F,0x0E,0x0E,0x0E,0x0E,0x0E,0x0E,0x0E,0x0E,0x0E,0x0E,0x1C,0x07,0xF8,0x07,0xF0,0x01,0x00,0x00,0x00,0x00,0x00,0x00,/*"6",6*/
0x00,0x00,0x00,0x00,0x00,0x00,0x00,0x00,0x00,0x00,0xFE,0x0F,0x00,0x0E,0x00,0x07,0x00,0x07,0x80,0x03,0x80,0x03,0xC0,0x01,0xC0,0x01,0xE0,0x00,0xE0,0x00,0xE0,0x00,0x70,0x00,0x70,0x00,0x70,0x00,0x38,0x00,0x00,0x00,0x00,0x00,0x00,0x00,0x00,0x00,/*"7",7*/
0x00,0x00,0x00,0x00,0x00,0x00,0x00,0x00,0xF0,0x00,0xFC,0x03,0x1C,0x07,0x0E,0x07,0x0E,0x07,0x0E,0x07,0x9C,0x07,0xFC,0x03,0xFC,0x03,0x9E,0x07,0x0E,0x0E,0x0E,0x0E,0x0E,0x0E,0x0E,0x0E,0x1E,0x07,0xFC,0x03,0xF0,0x01,0x00,0x00,0x00,0x00,0x00,0x00,/*"8",8*/
0x00,0x00,0x00,0x00,0x00,0x00,0x00,0x00,0xF0,0x00,0xFC,0x03,0x9E,0x07,0x0E,0x07,0x0E,0x0F,0x07,0x0F,0x0E,0x07,0x0E,0x07,0x9E,0x07,0xFC,0x03,0xF0,0x03,0xC0,0x01,0xE0,0x01,0xE0,0x00,0x70,0x00,0x70,0x00,0x38,0x00,0x00,0x00,0x00,0x00,0x00,0x00,/*"9",9*/


//{0x00,0x00,0x00,0x00,0x00,0x00,0x00,0x00,0x00,0x00,0x00,0x00,0x00,0x00,0x00,0x00,0x00,0x00,0x00,0x00,0xE0,0x00,0xE0,0x00,0xE0,0x00,0x00,0x00,0x00,0x00,0x00,0x00,0x00,0x00,0x00,0x00,0xE0,0x00,0xE0,0x00,0xE0,0x00,0x00,0x00,0x00,0x00,0x00,0x00},/*":",26*/
//{0x00,0x00,0x00,0x00,0x00,0x00,0x00,0x00,0x00,0x00,0x00,0x00,0x00,0x00,0x00,0x00,0x00,0x00,0x00,0x00,0x60,0x00,0x60,0x00,0x00,0x00,0x00,0x00,0x00,0x00,0x00,0x00,0x00,0x00,0x00,0x00,0x00,0x00,0x60,0x00,0x60,0x00,0x40,0x00,0x20,0x00,0x20,0x00},/*";",27*/
//{0x00,0x00,0x00,0x00,0x00,0x00,0x00,0x00,0x00,0x04,0x00,0x02,0x00,0x01,0x80,0x00,0x40,0x00,0x20,0x00,0x10,0x00,0x08,0x00,0x04,0x00,0x08,0x00,0x10,0x00,0x20,0x00,0x40,0x00,0x80,0x00,0x00,0x01,0x00,0x02,0x00,0x04,0x00,0x00,0x00,0x00,0x00,0x00},/*"<",28*/
//{0x00,0x00,0x00,0x00,0x00,0x00,0x00,0x00,0x00,0x00,0x00,0x00,0x00,0x00,0x00,0x00,0x00,0x00,0x00,0x00,0xFE,0x07,0x00,0x00,0x00,0x00,0x00,0x00,0xFE,0x07,0x00,0x00,0x00,0x00,0x00,0x00,0x00,0x00,0x00,0x00,0x00,0x00,0x00,0x00,0x00,0x00,0x00,0x00},/*"=",29*/
//{0x00,0x00,0x00,0x00,0x00,0x00,0x00,0x00,0x04,0x00,0x08,0x00,0x10,0x00,0x20,0x00,0x40,0x00,0x80,0x00,0x00,0x01,0x00,0x02,0x00,0x04,0x00,0x02,0x00,0x01,0x80,0x00,0x40,0x00,0x20,0x00,0x10,0x00,0x08,0x00,0x04,0x00,0x00,0x00,0x00,0x00,0x00,0x00},/*">",30*/
//{0x00,0x00,0x00,0x00,0x00,0x00,0x00,0x00,0x00,0x00,0xE0,0x03,0x18,0x06,0x04,0x0C,0x04,0x0C,0x0C,0x0C,0x0C,0x0C,0x00,0x07,0x80,0x01,0x40,0x00,0x40,0x00,0x40,0x00,0x00,0x00,0x00,0x00,0xE0,0x00,0xE0,0x00,0xE0,0x00,0x00,0x00,0x00,0x00,0x00,0x00},/*"?",31*/
//{0x00,0x00,0x00,0x00,0x00,0x00,0x00,0x00,0xE0,0x00,0x18,0x03,0x0C,0x02,0xCC,0x05,0x64,0x05,0x66,0x05,0xA6,0x05,0xB6,0x04,0xB6,0x04,0xB6,0x04,0xB6,0x04,0xB6,0x02,0xE4,0x01,0x0C,0x04,0x0C,0x02,0x18,0x03,0xF0,0x00,0x00,0x00,0x00,0x00,0x00,0x00},/*"@",32*/
//{0x00,0x00,0x00,0x00,0x00,0x00,0x00,0x00,0x00,0x00,0x60,0x00,0x60,0x00,0x50,0x00,0xD0,0x00,0x90,0x00,0x90,0x00,0x88,0x00,0x88,0x01,0x08,0x01,0xF8,0x01,0x04,0x03,0x04,0x03,0x04,0x02,0x02,0x02,0x02,0x06,0x0F,0x0F,0x00,0x00,0x00,0x00,0x00,0x00},/*"A",33*/
//{0x00,0x00,0x00,0x00,0x00,0x00,0x00,0x00,0x00,0x00,0xFE,0x00,0x8C,0x03,0x0C,0x03,0x0C,0x03,0x0C,0x03,0x0C,0x03,0x8C,0x01,0xFC,0x00,0x0C,0x03,0x0C,0x02,0x0C,0x06,0x0C,0x06,0x0C,0x06,0x0C,0x06,0x0C,0x03,0xFE,0x01,0x00,0x00,0x00,0x00,0x00,0x00},/*"B",34*/
//{0x00,0x00,0x00,0x00,0x00,0x00,0x00,0x00,0x00,0x00,0xE0,0x03,0x18,0x03,0x0C,0x06,0x0C,0x04,0x04,0x04,0x06,0x00,0x06,0x00,0x06,0x00,0x06,0x00,0x06,0x00,0x06,0x00,0x06,0x04,0x0C,0x04,0x0C,0x02,0x18,0x03,0xF0,0x00,0x00,0x00,0x00,0x00,0x00,0x00},/*"C",35*/
//{0x00,0x00,0x00,0x00,0x00,0x00,0x00,0x00,0x00,0x00,0x7F,0x00,0x8C,0x01,0x0C,0x03,0x0C,0x03,0x0C,0x06,0x0C,0x06,0x0C,0x06,0x0C,0x06,0x0C,0x06,0x0C,0x06,0x0C,0x06,0x0C,0x06,0x0C,0x03,0x0C,0x03,0x8C,0x01,0x7F,0x00,0x00,0x00,0x00,0x00,0x00,0x00},/*"D",36*/
//{0x00,0x00,0x00,0x00,0x00,0x00,0x00,0x00,0x00,0x00,0xFF,0x03,0x06,0x03,0x06,0x04,0x06,0x04,0x06,0x00,0x86,0x00,0x86,0x00,0xFE,0x00,0x86,0x00,0x86,0x00,0x86,0x00,0x06,0x00,0x06,0x04,0x06,0x04,0x06,0x02,0xFF,0x03,0x00,0x00,0x00,0x00,0x00,0x00},/*"E",37*/
//{0x00,0x00,0x00,0x00,0x00,0x00,0x00,0x00,0x00,0x00,0xFF,0x03,0x06,0x03,0x06,0x04,0x06,0x04,0x06,0x00,0x86,0x00,0x86,0x00,0xFE,0x00,0x86,0x00,0x86,0x00,0x86,0x00,0x06,0x00,0x06,0x00,0x06,0x00,0x06,0x00,0x1F,0x00,0x00,0x00,0x00,0x00,0x00,0x00},/*"F",38*/
//{0x00,0x00,0x00,0x00,0x00,0x00,0x00,0x00,0x00,0x00,0xF0,0x00,0x18,0x01,0x0C,0x02,0x0C,0x02,0x04,0x02,0x06,0x00,0x06,0x00,0x06,0x00,0x06,0x00,0xC6,0x0F,0x06,0x03,0x06,0x03,0x0C,0x03,0x0C,0x03,0x18,0x03,0xF0,0x00,0x00,0x00,0x00,0x00,0x00,0x00},/*"G",39*/
//{0x00,0x00,0x00,0x00,0x00,0x00,0x00,0x00,0x00,0x00,0x0F,0x0F,0x06,0x06,0x06,0x06,0x06,0x06,0x06,0x06,0x06,0x06,0x06,0x06,0xFE,0x07,0x06,0x06,0x06,0x06,0x06,0x06,0x06,0x06,0x06,0x06,0x06,0x06,0x06,0x06,0x0F,0x0F,0x00,0x00,0x00,0x00,0x00,0x00},/*"H",40*/
//{0x00,0x00,0x00,0x00,0x00,0x00,0x00,0x00,0x00,0x00,0xFC,0x03,0x60,0x00,0x60,0x00,0x60,0x00,0x60,0x00,0x60,0x00,0x60,0x00,0x60,0x00,0x60,0x00,0x60,0x00,0x60,0x00,0x60,0x00,0x60,0x00,0x60,0x00,0x60,0x00,0xFC,0x03,0x00,0x00,0x00,0x00,0x00,0x00},/*"I",41*/
//{0x00,0x00,0x00,0x00,0x00,0x00,0x00,0x00,0x00,0x00,0xF8,0x07,0xC0,0x00,0xC0,0x00,0xC0,0x00,0xC0,0x00,0xC0,0x00,0xC0,0x00,0xC0,0x00,0xC0,0x00,0xC0,0x00,0xC0,0x00,0xC0,0x00,0xC0,0x00,0xC0,0x00,0xC0,0x00,0xC0,0x00,0xC6,0x00,0x66,0x00,0x3C,0x00},/*"J",42*/
//{0x00,0x00,0x00,0x00,0x00,0x00,0x00,0x00,0x00,0x00,0xCF,0x03,0x86,0x01,0xC6,0x00,0x46,0x00,0x26,0x00,0x16,0x00,0x36,0x00,0x2E,0x00,0x6E,0x00,0x46,0x00,0xC6,0x00,0x86,0x00,0x86,0x01,0x06,0x01,0x06,0x03,0x8F,0x07,0x00,0x00,0x00,0x00,0x00,0x00},/*"K",43*/
//{0x00,0x00,0x00,0x00,0x00,0x00,0x00,0x00,0x00,0x00,0x1F,0x00,0x06,0x00,0x06,0x00,0x06,0x00,0x06,0x00,0x06,0x00,0x06,0x00,0x06,0x00,0x06,0x00,0x06,0x00,0x06,0x00,0x06,0x00,0x06,0x04,0x06,0x04,0x06,0x02,0xFF,0x03,0x00,0x00,0x00,0x00,0x00,0x00},/*"L",44*/
//{0x00,0x00,0x00,0x00,0x00,0x00,0x00,0x00,0x00,0x00,0x07,0x07,0x86,0x03,0x86,0x03,0x8E,0x03,0x8E,0x03,0x4E,0x03,0x4E,0x03,0x4A,0x03,0x5A,0x03,0x5A,0x03,0x3A,0x03,0x32,0x03,0x32,0x03,0x32,0x03,0x12,0x03,0x87,0x07,0x00,0x00,0x00,0x00,0x00,0x00},/*"M",45*/
//{0x00,0x00,0x00,0x00,0x00,0x00,0x00,0x00,0x00,0x00,0x8E,0x0F,0x0C,0x02,0x1C,0x02,0x1C,0x02,0x34,0x02,0x34,0x02,0x64,0x02,0x64,0x02,0x44,0x02,0xC4,0x02,0x84,0x02,0x84,0x03,0x84,0x03,0x04,0x03,0x04,0x03,0x1F,0x02,0x00,0x00,0x00,0x00,0x00,0x00},/*"N",46*/
//{0x00,0x00,0x00,0x00,0x00,0x00,0x00,0x00,0x00,0x00,0xF0,0x00,0x98,0x01,0x0C,0x03,0x0C,0x02,0x06,0x06,0x06,0x06,0x06,0x06,0x06,0x06,0x06,0x06,0x06,0x06,0x06,0x06,0x06,0x06,0x0C,0x02,0x0C,0x03,0x98,0x01,0xF0,0x00,0x00,0x00,0x00,0x00,0x00,0x00},/*"O",47*/
//{0x00,0x00,0x00,0x00,0x00,0x00,0x00,0x00,0x00,0x00,0xFF,0x00,0x06,0x03,0x06,0x06,0x06,0x06,0x06,0x06,0x06,0x06,0x06,0x06,0x86,0x03,0xFE,0x00,0x06,0x00,0x06,0x00,0x06,0x00,0x06,0x00,0x06,0x00,0x06,0x00,0x1F,0x00,0x00,0x00,0x00,0x00,0x00,0x00},/*"P",48*/
//{0x00,0x00,0x00,0x00,0x00,0x00,0x00,0x00,0x00,0x00,0xF0,0x00,0x98,0x01,0x0C,0x03,0x0C,0x02,0x06,0x06,0x06,0x06,0x06,0x06,0x06,0x06,0x06,0x06,0x06,0x06,0x06,0x06,0x76,0x06,0x4C,0x02,0xCC,0x03,0x98,0x01,0xF0,0x00,0x80,0x07,0x00,0x03,0x00,0x00},/*"Q",49*/
//{0x00,0x00,0x00,0x00,0x00,0x00,0x00,0x00,0x00,0x00,0xFF,0x01,0x06,0x03,0x06,0x06,0x06,0x06,0x06,0x06,0x06,0x06,0x06,0x03,0xFE,0x00,0x46,0x00,0xC6,0x00,0x86,0x00,0x86,0x01,0x06,0x03,0x06,0x03,0x06,0x06,0x0F,0x0E,0x00,0x00,0x00,0x00,0x00,0x00},/*"R",50*/
//{0x00,0x00,0x00,0x00,0x00,0x00,0x00,0x00,0x00,0x00,0xF8,0x02,0x0C,0x03,0x06,0x02,0x06,0x02,0x06,0x00,0x0E,0x00,0x3C,0x00,0xF8,0x00,0xE0,0x03,0x80,0x03,0x00,0x07,0x02,0x06,0x02,0x06,0x06,0x06,0x0C,0x03,0xF0,0x01,0x00,0x00,0x00,0x00,0x00,0x00},/*"S",51*/
//{0x00,0x00,0x00,0x00,0x00,0x00,0x00,0x00,0x00,0x00,0xFE,0x07,0x62,0x04,0x61,0x08,0x61,0x08,0x60,0x00,0x60,0x00,0x60,0x00,0x60,0x00,0x60,0x00,0x60,0x00,0x60,0x00,0x60,0x00,0x60,0x00,0x60,0x00,0x60,0x00,0xF8,0x01,0x00,0x00,0x00,0x00,0x00,0x00},/*"T",52*/
//{0x00,0x00,0x00,0x00,0x00,0x00,0x00,0x00,0x00,0x00,0x1E,0x07,0x0C,0x02,0x0C,0x02,0x0C,0x02,0x0C,0x02,0x0C,0x02,0x0C,0x02,0x0C,0x02,0x0C,0x02,0x0C,0x02,0x0C,0x02,0x0C,0x02,0x0C,0x02,0x0C,0x02,0x18,0x01,0xF0,0x00,0x00,0x00,0x00,0x00,0x00,0x00},/*"U",53*/
//{0x00,0x00,0x00,0x00,0x00,0x00,0x00,0x00,0x00,0x00,0x0F,0x07,0x06,0x02,0x04,0x01,0x04,0x01,0x0C,0x01,0x0C,0x01,0x88,0x00,0x88,0x00,0x98,0x00,0x98,0x00,0x50,0x00,0x50,0x00,0x70,0x00,0x30,0x00,0x20,0x00,0x20,0x00,0x00,0x00,0x00,0x00,0x00,0x00},/*"V",54*/
//{0x00,0x00,0x00,0x00,0x00,0x00,0x00,0x00,0x00,0x00,0xF7,0x0E,0x62,0x04,0x42,0x04,0x46,0x04,0x46,0x04,0x64,0x02,0x64,0x02,0xE4,0x02,0xE4,0x02,0x9C,0x02,0x9C,0x01,0x98,0x01,0x98,0x01,0x88,0x01,0x88,0x00,0x88,0x00,0x00,0x00,0x00,0x00,0x00,0x00},/*"W",55*/
//{0x00,0x00,0x00,0x00,0x00,0x00,0x00,0x00,0x00,0x00,0x9E,0x07,0x0C,0x01,0x08,0x01,0x18,0x01,0x90,0x00,0xB0,0x00,0x60,0x00,0x20,0x00,0x60,0x00,0x60,0x00,0xD0,0x00,0x90,0x00,0x88,0x01,0x08,0x01,0x04,0x03,0x8E,0x07,0x00,0x00,0x00,0x00,0x00,0x00},/*"X",56*/
//{0x00,0x00,0x00,0x00,0x00,0x00,0x00,0x00,0x00,0x00,0x0F,0x0F,0x06,0x04,0x04,0x02,0x0C,0x02,0x08,0x01,0x18,0x01,0xB8,0x00,0xB0,0x00,0x70,0x00,0x60,0x00,0x60,0x00,0x60,0x00,0x60,0x00,0x60,0x00,0x60,0x00,0xF8,0x01,0x00,0x00,0x00,0x00,0x00,0x00},/*"Y",57*/
//{0x00,0x00,0x00,0x00,0x00,0x00,0x00,0x00,0x00,0x00,0xFC,0x07,0x0C,0x02,0x06,0x03,0x02,0x01,0x80,0x01,0x80,0x00,0x40,0x00,0x40,0x00,0x20,0x00,0x20,0x00,0x10,0x00,0x18,0x00,0x08,0x04,0x0C,0x04,0x04,0x02,0xFE,0x03,0x00,0x00,0x00,0x00,0x00,0x00},/*"Z",58*/
//{0x00,0x00,0x00,0x00,0xE0,0x03,0x20,0x00,0x20,0x00,0x20,0x00,0x20,0x00,0x20,0x00,0x20,0x00,0x20,0x00,0x20,0x00,0x20,0x00,0x20,0x00,0x20,0x00,0x20,0x00,0x20,0x00,0x20,0x00,0x20,0x00,0x20,0x00,0x20,0x00,0x20,0x00,0x20,0x00,0xE0,0x03,0x00,0x00},/*"[",59*/
//{0x00,0x00,0x00,0x00,0x00,0x00,0x00,0x00,0x04,0x00,0x04,0x00,0x08,0x00,0x08,0x00,0x10,0x00,0x10,0x00,0x10,0x00,0x20,0x00,0x20,0x00,0x40,0x00,0x40,0x00,0xC0,0x00,0x80,0x00,0x80,0x00,0x00,0x01,0x00,0x01,0x00,0x02,0x00,0x02,0x00,0x02,0x00,0x04},/*"\",60*/
//{0x00,0x00,0x00,0x00,0x7C,0x00,0x40,0x00,0x40,0x00,0x40,0x00,0x40,0x00,0x40,0x00,0x40,0x00,0x40,0x00,0x40,0x00,0x40,0x00,0x40,0x00,0x40,0x00,0x40,0x00,0x40,0x00,0x40,0x00,0x40,0x00,0x40,0x00,0x40,0x00,0x40,0x00,0x40,0x00,0x7C,0x00,0x00,0x00},/*"]",61*/
//{0x00,0x00,0x60,0x00,0x90,0x00,0x08,0x01,0x00,0x00,0x00,0x00,0x00,0x00,0x00,0x00,0x00,0x00,0x00,0x00,0x00,0x00,0x00,0x00,0x00,0x00,0x00,0x00,0x00,0x00,0x00,0x00,0x00,0x00,0x00,0x00,0x00,0x00,0x00,0x00,0x00,0x00,0x00,0x00,0x00,0x00,0x00,0x00},/*"^",62*/
//{0x00,0x00,0x00,0x00,0x00,0x00,0x00,0x00,0x00,0x00,0x00,0x00,0x00,0x00,0x00,0x00,0x00,0x00,0x00,0x00,0x00,0x00,0x00,0x00,0x00,0x00,0x00,0x00,0x00,0x00,0x00,0x00,0x00,0x00,0x00,0x00,0x00,0x00,0x00,0x00,0x00,0x00,0x00,0x00,0x00,0x00,0xFF,0x0F},/*"_",63*/
//{0x00,0x00,0x00,0x00,0x18,0x00,0x60,0x00,0x00,0x00,0x00,0x00,0x00,0x00,0x00,0x00,0x00,0x00,0x00,0x00,0x00,0x00,0x00,0x00,0x00,0x00,0x00,0x00,0x00,0x00,0x00,0x00,0x00,0x00,0x00,0x00,0x00,0x00,0x00,0x00,0x00,0x00,0x00,0x00,0x00,0x00,0x00,0x00},/*"`",64*/
//{0x00,0x00,0x00,0x00,0x00,0x00,0x00,0x00,0x00,0x00,0x00,0x00,0x00,0x00,0x00,0x00,0x00,0x00,0x00,0x00,0xF0,0x01,0x0C,0x03,0x0C,0x03,0x00,0x03,0xE0,0x03,0x1C,0x03,0x0E,0x03,0x06,0x03,0x06,0x03,0x8E,0x0B,0x7C,0x0E,0x00,0x00,0x00,0x00,0x00,0x00},/*"a",65*/
//{0x00,0x00,0x00,0x00,0x00,0x00,0x00,0x00,0x08,0x00,0x0E,0x00,0x0C,0x00,0x0C,0x00,0x0C,0x00,0x0C,0x00,0xCC,0x01,0x3C,0x03,0x1C,0x06,0x0C,0x06,0x0C,0x06,0x0C,0x06,0x0C,0x06,0x0C,0x06,0x0C,0x02,0x1C,0x03,0xE4,0x01,0x00,0x00,0x00,0x00,0x00,0x00},/*"b",66*/
//{0x00,0x00,0x00,0x00,0x00,0x00,0x00,0x00,0x00,0x00,0x00,0x00,0x00,0x00,0x00,0x00,0x00,0x00,0x00,0x00,0xF0,0x00,0x8C,0x01,0x8C,0x01,0x86,0x01,0x06,0x00,0x06,0x00,0x06,0x00,0x06,0x02,0x0C,0x02,0x0C,0x01,0xF0,0x00,0x00,0x00,0x00,0x00,0x00,0x00},/*"c",67*/
//{0x00,0x00,0x00,0x00,0x00,0x00,0x00,0x00,0x00,0x02,0xC0,0x03,0x00,0x03,0x00,0x03,0x00,0x03,0x00,0x03,0x78,0x03,0x8C,0x03,0x0C,0x03,0x06,0x03,0x06,0x03,0x06,0x03,0x06,0x03,0x06,0x03,0x04,0x03,0x8C,0x07,0x78,0x01,0x00,0x00,0x00,0x00,0x00,0x00},/*"d",68*/
//{0x00,0x00,0x00,0x00,0x00,0x00,0x00,0x00,0x00,0x00,0x00,0x00,0x00,0x00,0x00,0x00,0x00,0x00,0x00,0x00,0xE0,0x01,0x18,0x03,0x08,0x02,0x0C,0x06,0x0C,0x06,0xFC,0x07,0x0C,0x00,0x0C,0x00,0x18,0x04,0x18,0x02,0xE0,0x01,0x00,0x00,0x00,0x00,0x00,0x00},/*"e",69*/
//{0x00,0x00,0x00,0x00,0x00,0x00,0x00,0x00,0x00,0x00,0xC0,0x03,0x60,0x06,0x30,0x06,0x30,0x00,0x30,0x00,0xFE,0x01,0x30,0x00,0x30,0x00,0x30,0x00,0x30,0x00,0x30,0x00,0x30,0x00,0x30,0x00,0x30,0x00,0x30,0x00,0xFC,0x01,0x00,0x00,0x00,0x00,0x00,0x00},/*"f",70*/
//{0x00,0x00,0x00,0x00,0x00,0x00,0x00,0x00,0x00,0x00,0x00,0x00,0x00,0x00,0x00,0x00,0x00,0x00,0x00,0x00,0xF0,0x07,0xD8,0x06,0x8C,0x01,0x8C,0x01,0x8C,0x01,0x98,0x01,0xF8,0x00,0x0C,0x00,0xFC,0x00,0xCC,0x03,0x06,0x03,0x06,0x03,0x8E,0x03,0xF8,0x00},/*"g",71*/
//{0x00,0x00,0x00,0x00,0x00,0x00,0x00,0x00,0x08,0x00,0x0E,0x00,0x0C,0x00,0x0C,0x00,0x0C,0x00,0x0C,0x00,0xEC,0x01,0x1C,0x03,0x0C,0x03,0x0C,0x03,0x0C,0x03,0x0C,0x03,0x0C,0x03,0x0C,0x03,0x0C,0x03,0x0C,0x03,0x9E,0x07,0x00,0x00,0x00,0x00,0x00,0x00},/*"h",72*/
//{0x00,0x00,0x00,0x00,0x00,0x00,0x00,0x00,0x00,0x00,0x60,0x00,0x60,0x00,0x00,0x00,0x00,0x00,0x40,0x00,0x7C,0x00,0x60,0x00,0x60,0x00,0x60,0x00,0x60,0x00,0x60,0x00,0x60,0x00,0x60,0x00,0x60,0x00,0x60,0x00,0xFC,0x03,0x00,0x00,0x00,0x00,0x00,0x00},/*"i",73*/
//{0x00,0x00,0x00,0x00,0x00,0x00,0x00,0x00,0x00,0x00,0xC0,0x01,0xC0,0x01,0x00,0x00,0x00,0x00,0x00,0x01,0xF0,0x01,0x80,0x01,0x80,0x01,0x80,0x01,0x80,0x01,0x80,0x01,0x80,0x01,0x80,0x01,0x80,0x01,0x80,0x01,0x80,0x01,0x80,0x01,0xCC,0x00,0x7C,0x00},/*"j",74*/
//{0x00,0x00,0x00,0x00,0x00,0x00,0x00,0x00,0x08,0x00,0x0E,0x00,0x0C,0x00,0x0C,0x00,0x0C,0x00,0x0C,0x00,0x8C,0x03,0x8C,0x00,0x8C,0x00,0x4C,0x00,0x6C,0x00,0x5C,0x00,0x8C,0x00,0x8C,0x01,0x0C,0x01,0x0C,0x03,0x9E,0x07,0x00,0x00,0x00,0x00,0x00,0x00},/*"k",75*/
//{0x00,0x00,0x00,0x00,0x00,0x00,0x00,0x00,0x40,0x00,0x7C,0x00,0x60,0x00,0x60,0x00,0x60,0x00,0x60,0x00,0x60,0x00,0x60,0x00,0x60,0x00,0x60,0x00,0x60,0x00,0x60,0x00,0x60,0x00,0x60,0x00,0x60,0x00,0x60,0x00,0xFC,0x03,0x00,0x00,0x00,0x00,0x00,0x00},/*"l",76*/
//{0x00,0x00,0x00,0x00,0x00,0x00,0x00,0x00,0x00,0x00,0x00,0x00,0x00,0x00,0x00,0x00,0x00,0x00,0x00,0x00,0x37,0x07,0xEE,0x06,0x66,0x06,0x66,0x06,0x66,0x06,0x66,0x06,0x66,0x06,0x66,0x06,0x66,0x06,0x66,0x06,0xFF,0x0F,0x00,0x00,0x00,0x00,0x00,0x00},/*"m",77*/
//{0x00,0x00,0x00,0x00,0x00,0x00,0x00,0x00,0x00,0x00,0x00,0x00,0x00,0x00,0x00,0x00,0x00,0x00,0x00,0x00,0xEE,0x01,0x1C,0x03,0x0C,0x03,0x0C,0x03,0x0C,0x03,0x0C,0x03,0x0C,0x03,0x0C,0x03,0x0C,0x03,0x0C,0x03,0x9E,0x07,0x00,0x00,0x00,0x00,0x00,0x00},/*"n",78*/
//{0x00,0x00,0x00,0x00,0x00,0x00,0x00,0x00,0x00,0x00,0x00,0x00,0x00,0x00,0x00,0x00,0x00,0x00,0x00,0x00,0xF0,0x00,0x98,0x01,0x0C,0x03,0x06,0x06,0x06,0x06,0x06,0x06,0x06,0x06,0x06,0x06,0x0C,0x03,0x0C,0x03,0xF0,0x00,0x00,0x00,0x00,0x00,0x00,0x00},/*"o",79*/
//{0x00,0x00,0x00,0x00,0x00,0x00,0x00,0x00,0x00,0x00,0x00,0x00,0x00,0x00,0x00,0x00,0x00,0x00,0x00,0x00,0xEE,0x01,0x1C,0x03,0x0C,0x06,0x0C,0x06,0x0C,0x06,0x0C,0x06,0x0C,0x06,0x0C,0x06,0x0C,0x03,0x1C,0x03,0xEC,0x01,0x0C,0x00,0x0C,0x00,0x3E,0x00},/*"p",80*/
//{0x00,0x00,0x00,0x00,0x00,0x00,0x00,0x00,0x00,0x00,0x00,0x00,0x00,0x00,0x00,0x00,0x00,0x00,0x00,0x00,0x78,0x02,0x8C,0x03,0x0C,0x03,0x06,0x03,0x06,0x03,0x06,0x03,0x06,0x03,0x06,0x03,0x04,0x03,0x8C,0x03,0x78,0x03,0x00,0x03,0x00,0x03,0xC0,0x07},/*"q",81*/
//{0x00,0x00,0x00,0x00,0x00,0x00,0x00,0x00,0x00,0x00,0x00,0x00,0x00,0x00,0x00,0x00,0x00,0x00,0x00,0x00,0x9F,0x03,0x58,0x06,0x38,0x06,0x18,0x00,0x18,0x00,0x18,0x00,0x18,0x00,0x18,0x00,0x18,0x00,0x18,0x00,0xFF,0x00,0x00,0x00,0x00,0x00,0x00,0x00},/*"r",82*/
//{0x00,0x00,0x00,0x00,0x00,0x00,0x00,0x00,0x00,0x00,0x00,0x00,0x00,0x00,0x00,0x00,0x00,0x00,0x00,0x00,0xF0,0x03,0x1C,0x03,0x0C,0x02,0x0C,0x02,0x38,0x00,0xF0,0x00,0xC0,0x03,0x04,0x03,0x04,0x03,0x8C,0x03,0xFC,0x01,0x00,0x00,0x00,0x00,0x00,0x00},/*"s",83*/
//{0x00,0x00,0x00,0x00,0x00,0x00,0x00,0x00,0x00,0x00,0x00,0x00,0x20,0x00,0x20,0x00,0x30,0x00,0x30,0x00,0xFE,0x01,0x30,0x00,0x30,0x00,0x30,0x00,0x30,0x00,0x30,0x00,0x30,0x00,0x30,0x00,0x30,0x02,0x30,0x02,0xE0,0x01,0x00,0x00,0x00,0x00,0x00,0x00},/*"t",84*/
//{0x00,0x00,0x00,0x00,0x00,0x00,0x00,0x00,0x00,0x00,0x00,0x00,0x00,0x00,0x00,0x00,0x00,0x00,0x08,0x02,0x8E,0x03,0x0C,0x03,0x0C,0x03,0x0C,0x03,0x0C,0x03,0x0C,0x03,0x0C,0x03,0x0C,0x03,0x0C,0x03,0x9C,0x07,0x78,0x01,0x00,0x00,0x00,0x00,0x00,0x00},/*"u",85*/
//{0x00,0x00,0x00,0x00,0x00,0x00,0x00,0x00,0x00,0x00,0x00,0x00,0x00,0x00,0x00,0x00,0x00,0x00,0x00,0x00,0x1E,0x07,0x0C,0x02,0x08,0x01,0x08,0x01,0x18,0x01,0x90,0x00,0xB0,0x00,0xB0,0x00,0x60,0x00,0x60,0x00,0x20,0x00,0x00,0x00,0x00,0x00,0x00,0x00},/*"v",86*/
//{0x00,0x00,0x00,0x00,0x00,0x00,0x00,0x00,0x00,0x00,0x00,0x00,0x00,0x00,0x00,0x00,0x00,0x00,0x00,0x00,0xF7,0x0E,0x62,0x04,0x46,0x04,0x64,0x02,0x64,0x02,0xEC,0x02,0x9C,0x01,0x98,0x01,0x98,0x01,0x98,0x01,0x08,0x00,0x00,0x00,0x00,0x00,0x00,0x00},/*"w",87*/
//{0x00,0x00,0x00,0x00,0x00,0x00,0x00,0x00,0x00,0x00,0x00,0x00,0x00,0x00,0x00,0x00,0x00,0x00,0x00,0x00,0xBC,0x07,0x18,0x01,0x10,0x01,0xB0,0x00,0x60,0x00,0x60,0x00,0xE0,0x00,0x90,0x00,0x08,0x01,0x08,0x03,0x9E,0x07,0x00,0x00,0x00,0x00,0x00,0x00},/*"x",88*/
//{0x00,0x00,0x00,0x00,0x00,0x00,0x00,0x00,0x00,0x00,0x00,0x00,0x00,0x00,0x00,0x00,0x00,0x00,0x00,0x00,0x9E,0x07,0x08,0x01,0x08,0x01,0x08,0x01,0x90,0x00,0x90,0x00,0xB0,0x00,0x60,0x00,0x60,0x00,0x60,0x00,0x20,0x00,0x20,0x00,0x24,0x00,0x1C,0x00},/*"y",89*/
//{0x00,0x00,0x00,0x00,0x00,0x00,0x00,0x00,0x00,0x00,0x00,0x00,0x00,0x00,0x00,0x00,0x00,0x00,0x00,0x00,0xFC,0x01,0x84,0x01,0xC4,0x00,0x44,0x00,0x60,0x00,0x20,0x00,0x30,0x00,0x18,0x02,0x08,0x02,0x0C,0x03,0xFC,0x01,0x00,0x00,0x00,0x00,0x00,0x00},/*"z",90*/
//{0x00,0x00,0x00,0x00,0x00,0x03,0x80,0x00,0x80,0x00,0x80,0x00,0x80,0x00,0x80,0x00,0x80,0x00,0x80,0x00,0x80,0x00,0x40,0x00,0x20,0x00,0x40,0x00,0x80,0x00,0x80,0x00,0x80,0x00,0x80,0x00,0x80,0x00,0x80,0x00,0x80,0x00,0x80,0x00,0x00,0x03,0x00,0x00},/*"{",91*/
//{0x40,0x00,0x40,0x00,0x40,0x00,0x40,0x00,0x40,0x00,0x40,0x00,0x40,0x00,0x40,0x00,0x40,0x00,0x40,0x00,0x40,0x00,0x40,0x00,0x40,0x00,0x40,0x00,0x40,0x00,0x40,0x00,0x40,0x00,0x40,0x00,0x40,0x00,0x40,0x00,0x40,0x00,0x40,0x00,0x40,0x00,0x40,0x00},/*"|",92*/
//{0x00,0x00,0x00,0x00,0x0C,0x00,0x10,0x00,0x10,0x00,0x10,0x00,0x10,0x00,0x10,0x00,0x10,0x00,0x10,0x00,0x10,0x00,0x20,0x00,0x40,0x00,0x20,0x00,0x10,0x00,0x10,0x00,0x10,0x00,0x10,0x00,0x10,0x00,0x10,0x00,0x10,0x00,0x10,0x00,0x0C,0x00,0x00,0x00},/*"}",93*/
//{0x00,0x00,0x1C,0x00,0x22,0x04,0xC2,0x04,0x80,0x03,0x00,0x00,0x00,0x00,0x00,0x00,0x00,0x00,0x00,0x00,0x00,0x00,0x00,0x00,0x00,0x00,0x00,0x00,0x00,0x00,0x00,0x00,0x00,0x00,0x00,0x00,0x00,0x00,0x00,0x00,0x00,0x00,0x00,0x00,0x00,0x00,0x00,0x00},/*"~",94*/


};
 
//64
const unsigned char ascii_3216[][1]={
//{0x00,0x00,0x00,0x00,0x00,0x00,0x00,0x00,0x00,0x00,0x00,0x00,0x00,0x00,0x00,0x00,0x00,0x00,0x00,0x00,0x00,0x00,0x00,0x00,0x00,0x00,0x00,0x00,0x00,0x00,0x00,0x00,0x00,0x00,0x00,0x00,0x00,0x00,0x00,0x00,0x00,0x00,0x00,0x00,0x00,0x00,0x00,0x00,0x00,0x00,0x00,0x00,0x00,0x00,0x00,0x00,0x00,0x00,0x00,0x00,0x00,0x00,0x00,0x00},/*" ",0*/
//{0x00,0x00,0x00,0x00,0x00,0x00,0x00,0x00,0x00,0x00,0xC0,0x01,0xC0,0x01,0xC0,0x01,0xC0,0x01,0xC0,0x01,0xC0,0x01,0xC0,0x01,0x80,0x00,0x80,0x00,0x80,0x00,0x80,0x00,0x80,0x00,0x80,0x00,0x80,0x00,0x00,0x00,0x00,0x00,0x00,0x00,0x00,0x00,0x80,0x01,0xC0,0x03,0xC0,0x03,0x80,0x01,0x00,0x00,0x00,0x00,0x00,0x00,0x00,0x00,0x00,0x00},/*"!",1*/
//{0x00,0x00,0x00,0x00,0x00,0x00,0xE0,0x1C,0xE0,0x1C,0xF0,0x1E,0x70,0x0E,0x38,0x07,0x18,0x03,0x08,0x01,0x84,0x00,0x00,0x00,0x00,0x00,0x00,0x00,0x00,0x00,0x00,0x00,0x00,0x00,0x00,0x00,0x00,0x00,0x00,0x00,0x00,0x00,0x00,0x00,0x00,0x00,0x00,0x00,0x00,0x00,0x00,0x00,0x00,0x00,0x00,0x00,0x00,0x00,0x00,0x00,0x00,0x00,0x00,0x00},/*""",2*/
//{0x00,0x00,0x00,0x00,0x00,0x00,0x00,0x00,0x00,0x00,0x00,0x00,0x20,0x10,0x20,0x10,0x20,0x10,0x20,0x10,0x20,0x10,0xFE,0x7F,0xFE,0x7F,0x10,0x08,0x10,0x08,0x10,0x08,0x10,0x08,0x10,0x08,0x10,0x08,0x10,0x08,0xFE,0x7F,0xFE,0x7F,0x08,0x04,0x08,0x04,0x08,0x04,0x08,0x04,0x08,0x04,0x00,0x00,0x00,0x00,0x00,0x00,0x00,0x00,0x00,0x00},/*"#",3*/
//{0x00,0x00,0x00,0x00,0x00,0x00,0x00,0x00,0x00,0x01,0x00,0x01,0xC0,0x07,0x60,0x19,0x10,0x31,0x18,0x31,0x18,0x39,0x18,0x39,0x38,0x01,0x70,0x01,0xE0,0x01,0xC0,0x03,0x80,0x07,0x00,0x0F,0x00,0x1D,0x00,0x39,0x00,0x31,0x1C,0x31,0x1C,0x31,0x0C,0x31,0x0C,0x11,0x18,0x0D,0xE0,0x07,0x00,0x01,0x00,0x01,0x00,0x01,0x00,0x00,0x00,0x00},/*"$",4*/
//{0x00,0x00,0x00,0x00,0x00,0x00,0x00,0x00,0x00,0x00,0x00,0x00,0x1C,0x10,0x36,0x18,0x63,0x08,0x63,0x0C,0x63,0x04,0x63,0x04,0x63,0x02,0x63,0x02,0x63,0x01,0x36,0x1D,0x9C,0x37,0x80,0x22,0x80,0x63,0x40,0x63,0x40,0x63,0x20,0x63,0x20,0x63,0x30,0x63,0x10,0x22,0x18,0x36,0x08,0x1C,0x00,0x00,0x00,0x00,0x00,0x00,0x00,0x00,0x00,0x00},/*"%",5*/
//{0x00,0x00,0x00,0x00,0x00,0x00,0x00,0x00,0x00,0x00,0x00,0x00,0xF0,0x00,0x98,0x01,0x8C,0x01,0x8C,0x01,0x8C,0x01,0x8C,0x01,0x8C,0x00,0xCC,0x00,0x78,0x00,0x18,0x3E,0x1C,0x08,0x36,0x08,0x32,0x08,0x63,0x04,0x63,0x04,0xC3,0x04,0xC3,0x03,0x83,0x43,0x06,0x43,0x8E,0x26,0x78,0x1C,0x00,0x00,0x00,0x00,0x00,0x00,0x00,0x00,0x00,0x00},/*"&",6*/
//{0x00,0x00,0x00,0x00,0x00,0x00,0x1C,0x00,0x3C,0x00,0x3C,0x00,0x30,0x00,0x30,0x00,0x10,0x00,0x0C,0x00,0x06,0x00,0x00,0x00,0x00,0x00,0x00,0x00,0x00,0x00,0x00,0x00,0x00,0x00,0x00,0x00,0x00,0x00,0x00,0x00,0x00,0x00,0x00,0x00,0x00,0x00,0x00,0x00,0x00,0x00,0x00,0x00,0x00,0x00,0x00,0x00,0x00,0x00,0x00,0x00,0x00,0x00,0x00,0x00},/*"'",7*/
//{0x00,0x00,0x00,0x00,0x00,0x00,0x00,0x40,0x00,0x20,0x00,0x10,0x00,0x08,0x00,0x0C,0x00,0x04,0x00,0x06,0x00,0x03,0x00,0x03,0x00,0x03,0x80,0x01,0x80,0x01,0x80,0x01,0x80,0x01,0x80,0x01,0x80,0x01,0x80,0x01,0x80,0x01,0x00,0x03,0x00,0x03,0x00,0x03,0x00,0x06,0x00,0x06,0x00,0x0C,0x00,0x08,0x00,0x10,0x00,0x20,0x00,0x40,0x00,0x00},/*"(",8*/
//{0x00,0x00,0x00,0x00,0x00,0x00,0x02,0x00,0x04,0x00,0x08,0x00,0x10,0x00,0x30,0x00,0x20,0x00,0x60,0x00,0xC0,0x00,0xC0,0x00,0xC0,0x00,0x80,0x01,0x80,0x01,0x80,0x01,0x80,0x01,0x80,0x01,0x80,0x01,0x80,0x01,0x80,0x01,0xC0,0x00,0xC0,0x00,0xC0,0x00,0x60,0x00,0x60,0x00,0x30,0x00,0x10,0x00,0x08,0x00,0x04,0x00,0x02,0x00,0x00,0x00},/*")",9*/
//{0x00,0x00,0x00,0x00,0x00,0x00,0x00,0x00,0x00,0x00,0x00,0x00,0x00,0x00,0x00,0x00,0x00,0x01,0x80,0x03,0x80,0x03,0x00,0x01,0x1C,0x71,0x3C,0x79,0x78,0x3D,0xC0,0x07,0x00,0x01,0xC0,0x07,0x78,0x3D,0x3C,0x79,0x1C,0x71,0x00,0x01,0x80,0x03,0x80,0x03,0x80,0x01,0x00,0x00,0x00,0x00,0x00,0x00,0x00,0x00,0x00,0x00,0x00,0x00,0x00,0x00},/*"*",10*/
//{0x00,0x00,0x00,0x00,0x00,0x00,0x00,0x00,0x00,0x00,0x00,0x00,0x00,0x00,0x00,0x00,0x00,0x00,0x00,0x01,0x00,0x01,0x00,0x01,0x00,0x01,0x00,0x01,0x00,0x01,0x00,0x01,0xFC,0x7F,0x00,0x01,0x00,0x01,0x00,0x01,0x00,0x01,0x00,0x01,0x00,0x01,0x00,0x01,0x00,0x00,0x00,0x00,0x00,0x00,0x00,0x00,0x00,0x00,0x00,0x00,0x00,0x00,0x00,0x00},/*"+",11*/
//{0x00,0x00,0x00,0x00,0x00,0x00,0x00,0x00,0x00,0x00,0x00,0x00,0x00,0x00,0x00,0x00,0x00,0x00,0x00,0x00,0x00,0x00,0x00,0x00,0x00,0x00,0x00,0x00,0x00,0x00,0x00,0x00,0x00,0x00,0x00,0x00,0x00,0x00,0x00,0x00,0x00,0x00,0x00,0x00,0x00,0x00,0x00,0x00,0x1C,0x00,0x3C,0x00,0x3C,0x00,0x30,0x00,0x30,0x00,0x10,0x00,0x0C,0x00,0x06,0x00},/*",",12*/
//{0x00,0x00,0x00,0x00,0x00,0x00,0x00,0x00,0x00,0x00,0x00,0x00,0x00,0x00,0x00,0x00,0x00,0x00,0x00,0x00,0x00,0x00,0x00,0x00,0x00,0x00,0x00,0x00,0x00,0x00,0x00,0x00,0xFE,0x7F,0x00,0x00,0x00,0x00,0x00,0x00,0x00,0x00,0x00,0x00,0x00,0x00,0x00,0x00,0x00,0x00,0x00,0x00,0x00,0x00,0x00,0x00,0x00,0x00,0x00,0x00,0x00,0x00,0x00,0x00},/*"-",13*/
//{0x00,0x00,0x00,0x00,0x00,0x00,0x00,0x00,0x00,0x00,0x00,0x00,0x00,0x00,0x00,0x00,0x00,0x00,0x00,0x00,0x00,0x00,0x00,0x00,0x00,0x00,0x00,0x00,0x00,0x00,0x00,0x00,0x00,0x00,0x00,0x00,0x00,0x00,0x00,0x00,0x00,0x00,0x00,0x00,0x00,0x00,0x18,0x00,0x3C,0x00,0x3C,0x00,0x18,0x00,0x00,0x00,0x00,0x00,0x00,0x00,0x00,0x00,0x00,0x00},/*".",14*/
//{0x00,0x00,0x00,0x00,0x00,0x00,0x00,0x40,0x00,0x60,0x00,0x20,0x00,0x30,0x00,0x10,0x00,0x18,0x00,0x08,0x00,0x0C,0x00,0x04,0x00,0x06,0x00,0x02,0x00,0x03,0x00,0x01,0x80,0x01,0x80,0x00,0xC0,0x00,0x40,0x00,0x60,0x00,0x20,0x00,0x30,0x00,0x10,0x00,0x18,0x00,0x08,0x00,0x0C,0x00,0x04,0x00,0x06,0x00,0x02,0x00,0x00,0x00,0x00,0x00},/*"/",15*/

//0x00,0x00,0x00,0x00,0x00,0x00,0x00,0x00,0x00,0x00,0x00,0x00,0xE0,0x0F,0xF0,0x1F,0x78,0x3C,0x3C,0x3C,0x3C,0x78,0x1C,0x78,0x1E,0x70,0x1E,0x70,0x1E,0x70,0x1E,0x70,0x1E,0x70,0x1E,0x70,0x1E,0x70,0x1E,0x70,0x1E,0x70,0x1C,0x78,0x3C,0x78,0x3C,0x38,0x78,0x3C,0xF8,0x1F,0xE0,0x0F,0x80,0x03,0x00,0x00,0x00,0x00,0x00,0x00,0x00,0x00,/*"0",0*/
//0x00,0x00,0x00,0x00,0x00,0x00,0x00,0x00,0x00,0x00,0x00,0x00,0x80,0x07,0x80,0x07,0xC0,0x07,0xE0,0x07,0xF8,0x07,0xB8,0x07,0x98,0x07,0x80,0x07,0x80,0x07,0x80,0x07,0x80,0x07,0x80,0x07,0x80,0x07,0x80,0x07,0x80,0x07,0x80,0x07,0x80,0x07,0x80,0x07,0x80,0x07,0x80,0x07,0x80,0x07,0x00,0x00,0x00,0x00,0x00,0x00,0x00,0x00,0x00,0x00,/*"1",1*/
//0x00,0x00,0x00,0x00,0x00,0x00,0x00,0x00,0x00,0x00,0x00,0x00,0xF0,0x0F,0xF8,0x3F,0x7C,0x3C,0x3C,0x78,0x1E,0x78,0x00,0x78,0x00,0x78,0x00,0x38,0x00,0x3C,0x00,0x3C,0x00,0x1E,0x00,0x0F,0x00,0x07,0x80,0x07,0xC0,0x03,0xE0,0x01,0xF0,0x00,0x78,0x00,0x7C,0x00,0xFC,0x7F,0xFC,0x7F,0x00,0x00,0x00,0x00,0x00,0x00,0x00,0x00,0x00,0x00,/*"2",2*/
//0x00,0x00,0x00,0x00,0x00,0x00,0x00,0x00,0x00,0x00,0x00,0x00,0xE0,0x0F,0xF0,0x3F,0x78,0x3C,0x3C,0x78,0x1C,0x78,0x18,0x78,0x00,0x78,0x00,0x38,0x00,0x3E,0xC0,0x0F,0xC0,0x1F,0x00,0x3E,0x00,0x78,0x00,0x78,0x00,0x78,0x18,0x70,0x1E,0x78,0x3C,0x78,0x7C,0x3C,0xF8,0x3F,0xF0,0x0F,0x80,0x03,0x00,0x00,0x00,0x00,0x00,0x00,0x00,0x00,/*"3",3*/
//0x00,0x00,0x00,0x00,0x00,0x00,0x00,0x00,0x00,0x00,0x00,0x00,0x00,0x1C,0x00,0x1E,0x00,0x1E,0x00,0x1F,0x80,0x1F,0x80,0x1F,0xC0,0x1F,0xE0,0x1D,0xF0,0x1C,0x70,0x1C,0x78,0x1C,0x3C,0x1C,0x1C,0x1C,0x1E,0x1C,0xFF,0xFF,0xFF,0xFF,0xFF,0xFF,0x00,0x1C,0x00,0x1C,0x00,0x1C,0x00,0x1C,0x00,0x00,0x00,0x00,0x00,0x00,0x00,0x00,0x00,0x00,/*"4",4*/
//0x00,0x00,0x00,0x00,0x00,0x00,0x00,0x00,0x00,0x00,0x00,0x00,0xF8,0x3F,0xF8,0x3F,0x38,0x00,0x38,0x00,0x38,0x00,0x3C,0x00,0x1C,0x00,0xFC,0x07,0xFC,0x1F,0x3E,0x3E,0x1E,0x3C,0x00,0x78,0x00,0x78,0x00,0x70,0x00,0x70,0x0C,0x78,0x0E,0x78,0x1E,0x78,0x1E,0x3E,0xFC,0x1F,0xF8,0x0F,0xE0,0x03,0x00,0x00,0x00,0x00,0x00,0x00,0x00,0x00,/*"5",5*/
//0x00,0x00,0x00,0x00,0x00,0x00,0x00,0x00,0x00,0x00,0x00,0x00,0x00,0x0F,0x00,0x0F,0x80,0x07,0xC0,0x03,0xC0,0x03,0xE0,0x01,0xF0,0x00,0xF0,0x00,0xF8,0x1F,0xF8,0x3F,0x7C,0x78,0x3C,0xF0,0x1E,0xF0,0x1E,0xF0,0x1E,0xF0,0x1E,0xF0,0x1E,0xF0,0x3C,0xF0,0x7C,0x78,0xF8,0x3F,0xF0,0x1F,0x80,0x07,0x00,0x00,0x00,0x00,0x00,0x00,0x00,0x00,/*"6",6*/
//0x00,0x00,0x00,0x00,0x00,0x00,0x00,0x00,0x00,0x00,0x00,0x00,0xFE,0xFF,0xFE,0xFF,0x00,0xF0,0x00,0x78,0x00,0x38,0x00,0x3C,0x00,0x1C,0x00,0x1E,0x00,0x0E,0x00,0x0F,0x00,0x07,0x80,0x07,0x80,0x07,0x80,0x03,0xC0,0x03,0xC0,0x03,0xC0,0x01,0xE0,0x01,0xE0,0x01,0xE0,0x00,0xF0,0x00,0x00,0x00,0x00,0x00,0x00,0x00,0x00,0x00,0x00,0x00,/*"7",7*/
//0x00,0x00,0x00,0x00,0x00,0x00,0x00,0x00,0x00,0x00,0x00,0x00,0xF0,0x0F,0xF8,0x1F,0x3C,0x3C,0x1C,0x78,0x1C,0x78,0x1C,0x78,0x1C,0x78,0x3C,0x3C,0x7C,0x3E,0xF0,0x0F,0xF8,0x1F,0x7C,0x3E,0x3E,0x78,0x1E,0x78,0x0E,0x70,0x0E,0x70,0x1E,0x70,0x1E,0x78,0x3E,0x7C,0xFC,0x3F,0xF8,0x1F,0xC0,0x03,0x00,0x00,0x00,0x00,0x00,0x00,0x00,0x00,/*"8",8*/
//0x00,0x00,0x00,0x00,0x00,0x00,0x00,0x00,0x00,0x00,0x00,0x00,0xF0,0x0F,0xF8,0x1F,0x7C,0x3E,0x1E,0x7C,0x1E,0x78,0x0E,0x78,0x0E,0x78,0x0E,0x78,0x0E,0x78,0x1E,0x3C,0x3E,0x3E,0xFC,0x3F,0xF8,0x1F,0x00,0x0F,0x00,0x0F,0x80,0x07,0x80,0x07,0xC0,0x03,0xC0,0x03,0xE0,0x01,0xE0,0x00,0xF0,0x00,0x00,0x00,0x00,0x00,0x00,0x00,0x00,0x00,/*"9",9*/



//{0x00,0x00,0x00,0x00,0x00,0x00,0x00,0x00,0x00,0x00,0x00,0x00,0x00,0x00,0x00,0x00,0x00,0x00,0x00,0x00,0x00,0x00,0x00,0x00,0x00,0x00,0x80,0x01,0xC0,0x03,0xC0,0x03,0x80,0x01,0x00,0x00,0x00,0x00,0x00,0x00,0x00,0x00,0x00,0x00,0x00,0x00,0x80,0x01,0xC0,0x03,0xC0,0x03,0x80,0x01,0x00,0x00,0x00,0x00,0x00,0x00,0x00,0x00,0x00,0x00},/*":",26*/
//{0x00,0x00,0x00,0x00,0x00,0x00,0x00,0x00,0x00,0x00,0x00,0x00,0x00,0x00,0x00,0x00,0x00,0x00,0x00,0x00,0x00,0x00,0x00,0x00,0x00,0x00,0xC0,0x00,0xC0,0x00,0x00,0x00,0x00,0x00,0x00,0x00,0x00,0x00,0x00,0x00,0x00,0x00,0x00,0x00,0x00,0x00,0x00,0x00,0x00,0x00,0xC0,0x00,0xC0,0x00,0x80,0x00,0x80,0x00,0x40,0x00,0x40,0x00,0x00,0x00},/*";",27*/
//{0x00,0x00,0x00,0x00,0x00,0x00,0x00,0x00,0x00,0x00,0x00,0x20,0x00,0x10,0x00,0x08,0x00,0x04,0x00,0x06,0x00,0x03,0x80,0x01,0xC0,0x00,0x60,0x00,0x30,0x00,0x18,0x00,0x0C,0x00,0x18,0x00,0x30,0x00,0x60,0x00,0xC0,0x00,0x80,0x01,0x00,0x03,0x00,0x06,0x00,0x04,0x00,0x08,0x00,0x10,0x00,0x20,0x00,0x00,0x00,0x00,0x00,0x00,0x00,0x00},/*"<",28*/
//{0x00,0x00,0x00,0x00,0x00,0x00,0x00,0x00,0x00,0x00,0x00,0x00,0x00,0x00,0x00,0x00,0x00,0x00,0x00,0x00,0x00,0x00,0x00,0x00,0x00,0x00,0xFE,0x7F,0x00,0x00,0x00,0x00,0x00,0x00,0x00,0x00,0x00,0x00,0xFE,0x7F,0x00,0x00,0x00,0x00,0x00,0x00,0x00,0x00,0x00,0x00,0x00,0x00,0x00,0x00,0x00,0x00,0x00,0x00,0x00,0x00,0x00,0x00,0x00,0x00},/*"=",29*/
//{0x00,0x00,0x00,0x00,0x00,0x00,0x00,0x00,0x00,0x00,0x04,0x00,0x08,0x00,0x10,0x00,0x20,0x00,0x60,0x00,0xC0,0x00,0x80,0x01,0x00,0x03,0x00,0x06,0x00,0x0C,0x00,0x18,0x00,0x30,0x00,0x18,0x00,0x0C,0x00,0x06,0x00,0x03,0x80,0x01,0xC0,0x00,0x60,0x00,0x20,0x00,0x10,0x00,0x08,0x00,0x04,0x00,0x00,0x00,0x00,0x00,0x00,0x00,0x00,0x00},/*">",30*/
//{0x00,0x00,0x00,0x00,0x00,0x00,0x00,0x00,0x00,0x00,0xC0,0x07,0x30,0x18,0x08,0x30,0x08,0x60,0x0C,0x60,0x1C,0x60,0x1C,0x60,0x1C,0x60,0x00,0x30,0x00,0x1C,0x00,0x06,0x00,0x01,0x80,0x00,0x80,0x00,0x80,0x00,0x80,0x00,0x00,0x00,0x00,0x00,0x80,0x01,0xC0,0x03,0xC0,0x03,0x80,0x01,0x00,0x00,0x00,0x00,0x00,0x00,0x00,0x00,0x00,0x00},/*"?",31*/
//{0x00,0x00,0x00,0x00,0x00,0x00,0x00,0x00,0x00,0x00,0x00,0x00,0xC0,0x07,0x60,0x18,0x10,0x30,0x18,0x20,0x0C,0x2F,0x8C,0x4D,0x86,0x4C,0xC6,0x4C,0xC6,0x4C,0x66,0x4C,0x66,0x44,0x66,0x44,0x66,0x26,0x66,0x26,0x66,0x15,0xCC,0x1C,0x0C,0x40,0x08,0x20,0x18,0x30,0x30,0x18,0xC0,0x07,0x00,0x00,0x00,0x00,0x00,0x00,0x00,0x00,0x00,0x00},/*"@",32*/
//{0x00,0x00,0x00,0x00,0x00,0x00,0x00,0x00,0x00,0x00,0x00,0x01,0xC0,0x01,0xC0,0x01,0xC0,0x01,0x40,0x01,0x60,0x03,0x20,0x03,0x20,0x03,0x20,0x03,0x30,0x06,0x10,0x06,0x10,0x06,0x10,0x06,0xF8,0x0F,0x08,0x0C,0x08,0x0C,0x08,0x0C,0x0C,0x0C,0x04,0x18,0x04,0x18,0x06,0x18,0x1F,0x7C,0x00,0x00,0x00,0x00,0x00,0x00,0x00,0x00,0x00,0x00},/*"A",33*/
//{0x00,0x00,0x00,0x00,0x00,0x00,0x00,0x00,0x00,0x00,0x00,0x00,0xFE,0x07,0x18,0x1C,0x18,0x38,0x18,0x30,0x18,0x30,0x18,0x30,0x18,0x30,0x18,0x18,0x18,0x0C,0xF8,0x07,0x18,0x18,0x18,0x30,0x18,0x20,0x18,0x60,0x18,0x60,0x18,0x60,0x18,0x60,0x18,0x60,0x18,0x30,0x18,0x18,0xFE,0x0F,0x00,0x00,0x00,0x00,0x00,0x00,0x00,0x00,0x00,0x00},/*"B",34*/
//{0x00,0x00,0x00,0x00,0x00,0x00,0x00,0x00,0x00,0x00,0x00,0x00,0xC0,0x27,0x60,0x38,0x10,0x30,0x18,0x20,0x0C,0x40,0x0C,0x40,0x04,0x00,0x06,0x00,0x06,0x00,0x06,0x00,0x06,0x00,0x06,0x00,0x06,0x00,0x06,0x00,0x06,0x00,0x0C,0x40,0x0C,0x40,0x0C,0x20,0x18,0x30,0x30,0x18,0xC0,0x07,0x00,0x00,0x00,0x00,0x00,0x00,0x00,0x00,0x00,0x00},/*"C",35*/
//{0x00,0x00,0x00,0x00,0x00,0x00,0x00,0x00,0x00,0x00,0x00,0x00,0xFE,0x03,0x18,0x0E,0x18,0x18,0x18,0x30,0x18,0x30,0x18,0x30,0x18,0x60,0x18,0x60,0x18,0x60,0x18,0x60,0x18,0x60,0x18,0x60,0x18,0x60,0x18,0x60,0x18,0x60,0x18,0x30,0x18,0x30,0x18,0x10,0x18,0x18,0x18,0x0E,0xFE,0x03,0x00,0x00,0x00,0x00,0x00,0x00,0x00,0x00,0x00,0x00},/*"D",36*/
//{0x00,0x00,0x00,0x00,0x00,0x00,0x00,0x00,0x00,0x00,0x00,0x00,0xFE,0x3F,0x18,0x30,0x18,0x20,0x18,0x60,0x18,0x40,0x18,0x00,0x18,0x08,0x18,0x08,0x18,0x0C,0xF8,0x0F,0x18,0x0C,0x18,0x08,0x18,0x08,0x18,0x00,0x18,0x00,0x18,0x00,0x18,0x40,0x18,0x40,0x18,0x20,0x18,0x30,0xFE,0x3F,0x00,0x00,0x00,0x00,0x00,0x00,0x00,0x00,0x00,0x00},/*"E",37*/
//{0x00,0x00,0x00,0x00,0x00,0x00,0x00,0x00,0x00,0x00,0x00,0x00,0xFE,0x7F,0x18,0x70,0x18,0x40,0x18,0xC0,0x18,0x80,0x18,0x00,0x18,0x10,0x18,0x10,0x18,0x18,0xF8,0x1F,0x18,0x18,0x18,0x10,0x18,0x10,0x18,0x00,0x18,0x00,0x18,0x00,0x18,0x00,0x18,0x00,0x18,0x00,0x18,0x00,0x7E,0x00,0x00,0x00,0x00,0x00,0x00,0x00,0x00,0x00,0x00,0x00},/*"F",38*/
//{0x00,0x00,0x00,0x00,0x00,0x00,0x00,0x00,0x00,0x00,0x00,0x00,0xC0,0x13,0x70,0x1C,0x10,0x10,0x18,0x10,0x0C,0x20,0x0C,0x20,0x04,0x00,0x06,0x00,0x06,0x00,0x06,0x00,0x06,0x00,0x06,0x00,0x06,0xFC,0x06,0x30,0x06,0x30,0x0C,0x30,0x0C,0x30,0x18,0x30,0x18,0x30,0x30,0x08,0xC0,0x07,0x00,0x00,0x00,0x00,0x00,0x00,0x00,0x00,0x00,0x00},/*"G",39*/
//{0x00,0x00,0x00,0x00,0x00,0x00,0x00,0x00,0x00,0x00,0x00,0x00,0x3F,0x7E,0x0C,0x18,0x0C,0x18,0x0C,0x18,0x0C,0x18,0x0C,0x18,0x0C,0x18,0x0C,0x18,0x0C,0x18,0x0C,0x18,0xFC,0x1F,0x0C,0x18,0x0C,0x18,0x0C,0x18,0x0C,0x18,0x0C,0x18,0x0C,0x18,0x0C,0x18,0x0C,0x18,0x0C,0x18,0x3F,0x7E,0x00,0x00,0x00,0x00,0x00,0x00,0x00,0x00,0x00,0x00},/*"H",40*/
//{0x00,0x00,0x00,0x00,0x00,0x00,0x00,0x00,0x00,0x00,0x00,0x00,0xF8,0x1F,0x80,0x01,0x80,0x01,0x80,0x01,0x80,0x01,0x80,0x01,0x80,0x01,0x80,0x01,0x80,0x01,0x80,0x01,0x80,0x01,0x80,0x01,0x80,0x01,0x80,0x01,0x80,0x01,0x80,0x01,0x80,0x01,0x80,0x01,0x80,0x01,0x80,0x01,0xF8,0x1F,0x00,0x00,0x00,0x00,0x00,0x00,0x00,0x00,0x00,0x00},/*"I",41*/
//{0x00,0x00,0x00,0x00,0x00,0x00,0x00,0x00,0x00,0x00,0x00,0x00,0xE0,0x7F,0x00,0x06,0x00,0x06,0x00,0x06,0x00,0x06,0x00,0x06,0x00,0x06,0x00,0x06,0x00,0x06,0x00,0x06,0x00,0x06,0x00,0x06,0x00,0x06,0x00,0x06,0x00,0x06,0x00,0x06,0x00,0x06,0x00,0x06,0x00,0x06,0x00,0x06,0x00,0x06,0x00,0x06,0x0E,0x06,0x0E,0x03,0x8E,0x01,0xFC,0x00},/*"J",42*/
//{0x00,0x00,0x00,0x00,0x00,0x00,0x00,0x00,0x00,0x00,0x00,0x00,0x7E,0x7C,0x18,0x18,0x18,0x08,0x18,0x04,0x18,0x06,0x18,0x02,0x18,0x01,0x98,0x01,0x98,0x01,0xD8,0x01,0xB8,0x03,0x38,0x03,0x18,0x07,0x18,0x06,0x18,0x0E,0x18,0x0C,0x18,0x1C,0x18,0x18,0x18,0x30,0x18,0x30,0x7E,0xFC,0x00,0x00,0x00,0x00,0x00,0x00,0x00,0x00,0x00,0x00},/*"K",43*/
//{0x00,0x00,0x00,0x00,0x00,0x00,0x00,0x00,0x00,0x00,0x00,0x00,0x7E,0x00,0x18,0x00,0x18,0x00,0x18,0x00,0x18,0x00,0x18,0x00,0x18,0x00,0x18,0x00,0x18,0x00,0x18,0x00,0x18,0x00,0x18,0x00,0x18,0x00,0x18,0x00,0x18,0x00,0x18,0x00,0x18,0x40,0x18,0x40,0x18,0x20,0x18,0x30,0xFE,0x3F,0x00,0x00,0x00,0x00,0x00,0x00,0x00,0x00,0x00,0x00},/*"L",44*/
//{0x00,0x00,0x00,0x00,0x00,0x00,0x00,0x00,0x00,0x00,0x00,0x00,0x1F,0xF8,0x1C,0x38,0x1C,0x38,0x1C,0x38,0x1C,0x3C,0x34,0x34,0x34,0x34,0x34,0x34,0x34,0x36,0x74,0x32,0x64,0x32,0x64,0x32,0x64,0x32,0x64,0x31,0xC4,0x31,0xC4,0x31,0xC4,0x31,0xC4,0x30,0xC4,0x30,0x84,0x30,0x9F,0xFC,0x00,0x00,0x00,0x00,0x00,0x00,0x00,0x00,0x00,0x00},/*"M",45*/
//{0x00,0x00,0x00,0x00,0x00,0x00,0x00,0x00,0x00,0x00,0x00,0x00,0x1F,0x7C,0x1C,0x10,0x3C,0x10,0x34,0x10,0x34,0x10,0x74,0x10,0x64,0x10,0xE4,0x10,0xC4,0x10,0xC4,0x11,0x84,0x11,0x84,0x13,0x04,0x13,0x04,0x17,0x04,0x16,0x04,0x1E,0x04,0x1C,0x04,0x1C,0x04,0x1C,0x04,0x18,0x1F,0x18,0x00,0x00,0x00,0x00,0x00,0x00,0x00,0x00,0x00,0x00},/*"N",46*/
//{0x00,0x00,0x00,0x00,0x00,0x00,0x00,0x00,0x00,0x00,0x00,0x00,0xC0,0x03,0x30,0x0C,0x18,0x18,0x08,0x10,0x0C,0x30,0x0C,0x30,0x06,0x60,0x06,0x60,0x06,0x60,0x06,0x60,0x06,0x60,0x06,0x60,0x06,0x60,0x06,0x60,0x06,0x60,0x0C,0x20,0x0C,0x30,0x08,0x10,0x18,0x18,0x30,0x0C,0xC0,0x03,0x00,0x00,0x00,0x00,0x00,0x00,0x00,0x00,0x00,0x00},/*"O",47*/
//{0x00,0x00,0x00,0x00,0x00,0x00,0x00,0x00,0x00,0x00,0x00,0x00,0xFE,0x0F,0x18,0x18,0x18,0x30,0x18,0x60,0x18,0x60,0x18,0x60,0x18,0x60,0x18,0x60,0x18,0x30,0x18,0x18,0xF8,0x0F,0x18,0x00,0x18,0x00,0x18,0x00,0x18,0x00,0x18,0x00,0x18,0x00,0x18,0x00,0x18,0x00,0x18,0x00,0x7E,0x00,0x00,0x00,0x00,0x00,0x00,0x00,0x00,0x00,0x00,0x00},/*"P",48*/
//{0x00,0x00,0x00,0x00,0x00,0x00,0x00,0x00,0x00,0x00,0x00,0x00,0xC0,0x03,0x30,0x0C,0x18,0x18,0x0C,0x10,0x0C,0x30,0x0C,0x20,0x06,0x60,0x06,0x60,0x06,0x60,0x06,0x60,0x06,0x60,0x06,0x60,0x06,0x60,0x06,0x60,0x06,0x60,0xE4,0x61,0x2C,0x33,0x1C,0x32,0x18,0x16,0x30,0x0E,0xC0,0x07,0x00,0x4C,0x00,0x7C,0x00,0x38,0x00,0x00,0x00,0x00},/*"Q",49*/
//{0x00,0x00,0x00,0x00,0x00,0x00,0x00,0x00,0x00,0x00,0x00,0x00,0xFE,0x07,0x18,0x1C,0x18,0x38,0x18,0x30,0x18,0x30,0x18,0x30,0x18,0x30,0x18,0x18,0x18,0x0C,0xF8,0x07,0x98,0x03,0x18,0x03,0x18,0x07,0x18,0x06,0x18,0x06,0x18,0x0E,0x18,0x0C,0x18,0x0C,0x18,0x1C,0x18,0x18,0x7E,0x78,0x00,0x00,0x00,0x00,0x00,0x00,0x00,0x00,0x00,0x00},/*"R",50*/
//{0x00,0x00,0x00,0x00,0x00,0x00,0x00,0x00,0x00,0x00,0x00,0x00,0xE0,0x27,0x30,0x38,0x18,0x30,0x0C,0x20,0x0C,0x20,0x0C,0x00,0x0C,0x00,0x18,0x00,0x78,0x00,0xE0,0x03,0x80,0x0F,0x00,0x1E,0x00,0x38,0x00,0x70,0x00,0x60,0x04,0x60,0x04,0x60,0x08,0x60,0x18,0x30,0x38,0x18,0xC8,0x0F,0x00,0x00,0x00,0x00,0x00,0x00,0x00,0x00,0x00,0x00},/*"S",51*/
//{0x00,0x00,0x00,0x00,0x00,0x00,0x00,0x00,0x00,0x00,0x00,0x00,0xFC,0x3F,0x8C,0x21,0x84,0x61,0x82,0x41,0x82,0x41,0x80,0x01,0x80,0x01,0x80,0x01,0x80,0x01,0x80,0x01,0x80,0x01,0x80,0x01,0x80,0x01,0x80,0x01,0x80,0x01,0x80,0x01,0x80,0x01,0x80,0x01,0x80,0x01,0x80,0x01,0xE0,0x07,0x00,0x00,0x00,0x00,0x00,0x00,0x00,0x00,0x00,0x00},/*"T",52*/
//{0x00,0x00,0x00,0x00,0x00,0x00,0x00,0x00,0x00,0x00,0x00,0x00,0x3F,0x7C,0x0C,0x10,0x0C,0x10,0x0C,0x10,0x0C,0x10,0x0C,0x10,0x0C,0x10,0x0C,0x10,0x0C,0x10,0x0C,0x10,0x0C,0x10,0x0C,0x10,0x0C,0x10,0x0C,0x10,0x0C,0x10,0x0C,0x10,0x0C,0x10,0x0C,0x10,0x08,0x08,0x38,0x04,0xE0,0x03,0x00,0x00,0x00,0x00,0x00,0x00,0x00,0x00,0x00,0x00},/*"U",53*/
//{0x00,0x00,0x00,0x00,0x00,0x00,0x00,0x00,0x00,0x00,0x00,0x00,0x3E,0xF8,0x18,0x20,0x18,0x20,0x18,0x20,0x30,0x10,0x30,0x10,0x30,0x10,0x30,0x10,0x60,0x08,0x60,0x08,0x60,0x08,0xE0,0x0C,0xC0,0x04,0xC0,0x04,0xC0,0x04,0x80,0x03,0x80,0x03,0x80,0x03,0x80,0x03,0x00,0x01,0x00,0x01,0x00,0x00,0x00,0x00,0x00,0x00,0x00,0x00,0x00,0x00},/*"V",54*/
//{0x00,0x00,0x00,0x00,0x00,0x00,0x00,0x00,0x00,0x00,0x00,0x00,0xDF,0xF3,0x86,0x61,0x86,0x21,0x86,0x21,0x8C,0x21,0x0C,0x21,0x8C,0x23,0x8C,0x13,0x8C,0x13,0x8C,0x13,0x4C,0x13,0x58,0x12,0x58,0x16,0x58,0x0E,0x38,0x0E,0x38,0x0E,0x38,0x0E,0x30,0x0C,0x10,0x04,0x10,0x04,0x10,0x04,0x00,0x00,0x00,0x00,0x00,0x00,0x00,0x00,0x00,0x00},/*"W",55*/
//{0x00,0x00,0x00,0x00,0x00,0x00,0x00,0x00,0x00,0x00,0x00,0x00,0x7E,0x3E,0x18,0x08,0x38,0x08,0x30,0x04,0x30,0x04,0x70,0x02,0x60,0x02,0xE0,0x01,0xC0,0x01,0xC0,0x01,0x80,0x01,0x80,0x03,0x40,0x03,0x40,0x07,0x20,0x06,0x20,0x06,0x10,0x0C,0x10,0x0C,0x08,0x18,0x08,0x18,0x3E,0x7C,0x00,0x00,0x00,0x00,0x00,0x00,0x00,0x00,0x00,0x00},/*"X",56*/
//{0x00,0x00,0x00,0x00,0x00,0x00,0x00,0x00,0x00,0x00,0x00,0x00,0x7E,0x7C,0x1C,0x10,0x18,0x10,0x18,0x08,0x30,0x08,0x30,0x0C,0x70,0x04,0x60,0x04,0x60,0x02,0xC0,0x02,0xC0,0x02,0xC0,0x01,0x80,0x01,0x80,0x01,0x80,0x01,0x80,0x01,0x80,0x01,0x80,0x01,0x80,0x01,0x80,0x01,0xE0,0x07,0x00,0x00,0x00,0x00,0x00,0x00,0x00,0x00,0x00,0x00},/*"Y",57*/
//{0x00,0x00,0x00,0x00,0x00,0x00,0x00,0x00,0x00,0x00,0x00,0x00,0xF8,0x3F,0x18,0x18,0x08,0x18,0x04,0x0C,0x04,0x0E,0x00,0x06,0x00,0x07,0x00,0x03,0x80,0x03,0x80,0x01,0xC0,0x01,0xC0,0x00,0xE0,0x00,0x60,0x00,0x70,0x00,0x30,0x00,0x38,0x20,0x18,0x20,0x1C,0x10,0x0C,0x18,0xFE,0x1F,0x00,0x00,0x00,0x00,0x00,0x00,0x00,0x00,0x00,0x00},/*"Z",58*/
//{0x00,0x00,0x00,0x00,0x00,0x00,0xC0,0x3F,0x40,0x00,0x40,0x00,0x40,0x00,0x40,0x00,0x40,0x00,0x40,0x00,0x40,0x00,0x40,0x00,0x40,0x00,0x40,0x00,0x40,0x00,0x40,0x00,0x40,0x00,0x40,0x00,0x40,0x00,0x40,0x00,0x40,0x00,0x40,0x00,0x40,0x00,0x40,0x00,0x40,0x00,0x40,0x00,0x40,0x00,0x40,0x00,0x40,0x00,0xC0,0x3F,0x00,0x00,0x00,0x00},/*"[",59*/
//{0x00,0x00,0x00,0x00,0x00,0x00,0x00,0x00,0x00,0x00,0x08,0x00,0x18,0x00,0x18,0x00,0x10,0x00,0x30,0x00,0x20,0x00,0x60,0x00,0x60,0x00,0x40,0x00,0xC0,0x00,0x80,0x00,0x80,0x01,0x80,0x01,0x00,0x01,0x00,0x03,0x00,0x02,0x00,0x06,0x00,0x06,0x00,0x04,0x00,0x0C,0x00,0x08,0x00,0x18,0x00,0x18,0x00,0x10,0x00,0x30,0x00,0x20,0x00,0x00},/*"\",60*/
//{0x00,0x00,0x00,0x00,0x00,0x00,0xFC,0x03,0x00,0x02,0x00,0x02,0x00,0x02,0x00,0x02,0x00,0x02,0x00,0x02,0x00,0x02,0x00,0x02,0x00,0x02,0x00,0x02,0x00,0x02,0x00,0x02,0x00,0x02,0x00,0x02,0x00,0x02,0x00,0x02,0x00,0x02,0x00,0x02,0x00,0x02,0x00,0x02,0x00,0x02,0x00,0x02,0x00,0x02,0x00,0x02,0x00,0x02,0xFC,0x03,0x00,0x00,0x00,0x00},/*"]",61*/
//{0x00,0x00,0x00,0x00,0x00,0x00,0x80,0x07,0xC0,0x06,0x20,0x08,0x10,0x10,0x00,0x00,0x00,0x00,0x00,0x00,0x00,0x00,0x00,0x00,0x00,0x00,0x00,0x00,0x00,0x00,0x00,0x00,0x00,0x00,0x00,0x00,0x00,0x00,0x00,0x00,0x00,0x00,0x00,0x00,0x00,0x00,0x00,0x00,0x00,0x00,0x00,0x00,0x00,0x00,0x00,0x00,0x00,0x00,0x00,0x00,0x00,0x00,0x00,0x00},/*"^",62*/
//{0x00,0x00,0x00,0x00,0x00,0x00,0x00,0x00,0x00,0x00,0x00,0x00,0x00,0x00,0x00,0x00,0x00,0x00,0x00,0x00,0x00,0x00,0x00,0x00,0x00,0x00,0x00,0x00,0x00,0x00,0x00,0x00,0x00,0x00,0x00,0x00,0x00,0x00,0x00,0x00,0x00,0x00,0x00,0x00,0x00,0x00,0x00,0x00,0x00,0x00,0x00,0x00,0x00,0x00,0x00,0x00,0x00,0x00,0x00,0x00,0x00,0x00,0xFF,0xFF},/*"_",63*/
//{0x00,0x00,0x00,0x00,0x00,0x00,0x78,0x00,0xC0,0x00,0x00,0x01,0x00,0x00,0x00,0x00,0x00,0x00,0x00,0x00,0x00,0x00,0x00,0x00,0x00,0x00,0x00,0x00,0x00,0x00,0x00,0x00,0x00,0x00,0x00,0x00,0x00,0x00,0x00,0x00,0x00,0x00,0x00,0x00,0x00,0x00,0x00,0x00,0x00,0x00,0x00,0x00,0x00,0x00,0x00,0x00,0x00,0x00,0x00,0x00,0x00,0x00,0x00,0x00},/*"`",64*/
//{0x00,0x00,0x00,0x00,0x00,0x00,0x00,0x00,0x00,0x00,0x00,0x00,0x00,0x00,0x00,0x00,0x00,0x00,0x00,0x00,0x00,0x00,0x00,0x00,0x00,0x00,0xF0,0x03,0x18,0x06,0x0C,0x0C,0x0C,0x0C,0x00,0x0C,0x80,0x0F,0x70,0x0C,0x1C,0x0C,0x0C,0x0C,0x06,0x0C,0x06,0x0C,0x06,0x4C,0x0C,0x4F,0xF8,0x38,0x00,0x00,0x00,0x00,0x00,0x00,0x00,0x00,0x00,0x00},/*"a",65*/
//{0x00,0x00,0x00,0x00,0x00,0x00,0x00,0x00,0x00,0x00,0x10,0x00,0x1E,0x00,0x18,0x00,0x18,0x00,0x18,0x00,0x18,0x00,0x18,0x00,0x18,0x00,0x18,0x0F,0xD8,0x18,0x38,0x30,0x38,0x60,0x18,0x60,0x18,0x60,0x18,0x60,0x18,0x60,0x18,0x60,0x18,0x60,0x18,0x20,0x38,0x30,0x78,0x18,0xC8,0x07,0x00,0x00,0x00,0x00,0x00,0x00,0x00,0x00,0x00,0x00},/*"b",66*/
//{0x00,0x00,0x00,0x00,0x00,0x00,0x00,0x00,0x00,0x00,0x00,0x00,0x00,0x00,0x00,0x00,0x00,0x00,0x00,0x00,0x00,0x00,0x00,0x00,0x00,0x00,0xC0,0x07,0x70,0x0C,0x18,0x18,0x18,0x18,0x0C,0x18,0x0C,0x00,0x0C,0x00,0x0C,0x00,0x0C,0x00,0x0C,0x20,0x18,0x20,0x18,0x10,0x30,0x08,0xC0,0x07,0x00,0x00,0x00,0x00,0x00,0x00,0x00,0x00,0x00,0x00},/*"c",67*/
//{0x00,0x00,0x00,0x00,0x00,0x00,0x00,0x00,0x00,0x00,0x00,0x10,0x00,0x1E,0x00,0x18,0x00,0x18,0x00,0x18,0x00,0x18,0x00,0x18,0x00,0x18,0xE0,0x1B,0x30,0x1C,0x18,0x18,0x18,0x18,0x0C,0x18,0x0C,0x18,0x0C,0x18,0x0C,0x18,0x0C,0x18,0x0C,0x18,0x08,0x18,0x18,0x1C,0x30,0x7A,0xE0,0x09,0x00,0x00,0x00,0x00,0x00,0x00,0x00,0x00,0x00,0x00},/*"d",68*/
//{0x00,0x00,0x00,0x00,0x00,0x00,0x00,0x00,0x00,0x00,0x00,0x00,0x00,0x00,0x00,0x00,0x00,0x00,0x00,0x00,0x00,0x00,0x00,0x00,0x00,0x00,0xC0,0x07,0x30,0x0C,0x18,0x18,0x08,0x10,0x0C,0x30,0x0C,0x30,0xFC,0x3F,0x0C,0x00,0x0C,0x00,0x0C,0x00,0x18,0x20,0x18,0x10,0x70,0x18,0xC0,0x07,0x00,0x00,0x00,0x00,0x00,0x00,0x00,0x00,0x00,0x00},/*"e",69*/
//{0x00,0x00,0x00,0x00,0x00,0x00,0x00,0x00,0x00,0x00,0x00,0x00,0x00,0x3E,0x80,0xC3,0x80,0xC0,0xC0,0xC0,0xC0,0x00,0xC0,0x00,0xC0,0x00,0xFC,0x1F,0xC0,0x00,0xC0,0x00,0xC0,0x00,0xC0,0x00,0xC0,0x00,0xC0,0x00,0xC0,0x00,0xC0,0x00,0xC0,0x00,0xC0,0x00,0xC0,0x00,0xC0,0x00,0xF8,0x0F,0x00,0x00,0x00,0x00,0x00,0x00,0x00,0x00,0x00,0x00},/*"f",70*/
//{0x00,0x00,0x00,0x00,0x00,0x00,0x00,0x00,0x00,0x00,0x00,0x00,0x00,0x00,0x00,0x00,0x00,0x00,0x00,0x00,0x00,0x00,0x00,0x00,0x00,0x00,0xC0,0x77,0x30,0x6C,0x10,0x18,0x18,0x18,0x18,0x18,0x18,0x18,0x10,0x18,0x30,0x0C,0xF0,0x07,0x18,0x00,0x18,0x00,0xF0,0x0F,0xF0,0x3F,0x08,0x70,0x0C,0x60,0x0C,0x60,0x0C,0x60,0x38,0x38,0xE0,0x0F},/*"g",71*/
//{0x00,0x00,0x00,0x00,0x00,0x00,0x00,0x00,0x00,0x00,0x10,0x00,0x1E,0x00,0x18,0x00,0x18,0x00,0x18,0x00,0x18,0x00,0x18,0x00,0x18,0x00,0x98,0x0F,0xD8,0x18,0x38,0x30,0x18,0x30,0x18,0x30,0x18,0x30,0x18,0x30,0x18,0x30,0x18,0x30,0x18,0x30,0x18,0x30,0x18,0x30,0x18,0x30,0x7E,0xFC,0x00,0x00,0x00,0x00,0x00,0x00,0x00,0x00,0x00,0x00},/*"h",72*/
//{0x00,0x00,0x00,0x00,0x00,0x00,0x00,0x00,0x00,0x00,0x00,0x00,0x80,0x03,0x80,0x03,0x80,0x03,0x00,0x00,0x00,0x00,0x00,0x00,0x00,0x01,0xF8,0x01,0x80,0x01,0x80,0x01,0x80,0x01,0x80,0x01,0x80,0x01,0x80,0x01,0x80,0x01,0x80,0x01,0x80,0x01,0x80,0x01,0x80,0x01,0x80,0x01,0xF8,0x1F,0x00,0x00,0x00,0x00,0x00,0x00,0x00,0x00,0x00,0x00},/*"i",73*/
//{0x00,0x00,0x00,0x00,0x00,0x00,0x00,0x00,0x00,0x00,0x00,0x00,0x00,0x38,0x00,0x38,0x00,0x38,0x00,0x00,0x00,0x00,0x00,0x00,0x00,0x10,0x80,0x1F,0x00,0x18,0x00,0x18,0x00,0x18,0x00,0x18,0x00,0x18,0x00,0x18,0x00,0x18,0x00,0x18,0x00,0x18,0x00,0x18,0x00,0x18,0x00,0x18,0x00,0x18,0x00,0x18,0x00,0x18,0x18,0x0C,0x18,0x06,0xF0,0x03},/*"j",74*/
//{0x00,0x00,0x00,0x00,0x00,0x00,0x00,0x00,0x00,0x00,0x10,0x00,0x1E,0x00,0x18,0x00,0x18,0x00,0x18,0x00,0x18,0x00,0x18,0x00,0x18,0x00,0x18,0x3E,0x18,0x0C,0x18,0x06,0x18,0x03,0x18,0x01,0x98,0x01,0xD8,0x01,0x38,0x03,0x18,0x07,0x18,0x06,0x18,0x0C,0x18,0x1C,0x18,0x18,0x7E,0x7C,0x00,0x00,0x00,0x00,0x00,0x00,0x00,0x00,0x00,0x00},/*"k",75*/
//{0x00,0x00,0x00,0x00,0x00,0x00,0x00,0x00,0x00,0x00,0x00,0x01,0xF8,0x01,0x80,0x01,0x80,0x01,0x80,0x01,0x80,0x01,0x80,0x01,0x80,0x01,0x80,0x01,0x80,0x01,0x80,0x01,0x80,0x01,0x80,0x01,0x80,0x01,0x80,0x01,0x80,0x01,0x80,0x01,0x80,0x01,0x80,0x01,0x80,0x01,0x80,0x01,0xF8,0x1F,0x00,0x00,0x00,0x00,0x00,0x00,0x00,0x00,0x00,0x00},/*"l",76*/
//{0x00,0x00,0x00,0x00,0x00,0x00,0x00,0x00,0x00,0x00,0x00,0x00,0x00,0x00,0x00,0x00,0x00,0x00,0x00,0x00,0x00,0x00,0x00,0x00,0x08,0x00,0xEE,0x1C,0x9C,0x33,0x8C,0x31,0x8C,0x31,0x8C,0x31,0x8C,0x31,0x8C,0x31,0x8C,0x31,0x8C,0x31,0x8C,0x31,0x8C,0x31,0x8C,0x31,0x8C,0x31,0xDE,0x7B,0x00,0x00,0x00,0x00,0x00,0x00,0x00,0x00,0x00,0x00},/*"m",77*/
//{0x00,0x00,0x00,0x00,0x00,0x00,0x00,0x00,0x00,0x00,0x00,0x00,0x00,0x00,0x00,0x00,0x00,0x00,0x00,0x00,0x00,0x00,0x00,0x00,0x10,0x00,0x1E,0x0F,0xD8,0x18,0x38,0x30,0x18,0x30,0x18,0x30,0x18,0x30,0x18,0x30,0x18,0x30,0x18,0x30,0x18,0x30,0x18,0x30,0x18,0x30,0x18,0x30,0x7E,0xFC,0x00,0x00,0x00,0x00,0x00,0x00,0x00,0x00,0x00,0x00},/*"n",78*/
//{0x00,0x00,0x00,0x00,0x00,0x00,0x00,0x00,0x00,0x00,0x00,0x00,0x00,0x00,0x00,0x00,0x00,0x00,0x00,0x00,0x00,0x00,0x00,0x00,0x00,0x00,0xC0,0x07,0x70,0x1C,0x10,0x30,0x18,0x30,0x0C,0x60,0x0C,0x60,0x0C,0x60,0x0C,0x60,0x0C,0x60,0x0C,0x60,0x18,0x30,0x18,0x30,0x30,0x18,0xC0,0x07,0x00,0x00,0x00,0x00,0x00,0x00,0x00,0x00,0x00,0x00},/*"o",79*/
//{0x00,0x00,0x00,0x00,0x00,0x00,0x00,0x00,0x00,0x00,0x00,0x00,0x00,0x00,0x00,0x00,0x00,0x00,0x00,0x00,0x00,0x00,0x00,0x00,0x10,0x00,0x9E,0x0F,0x58,0x18,0x38,0x30,0x18,0x20,0x18,0x60,0x18,0x60,0x18,0x60,0x18,0x60,0x18,0x60,0x18,0x60,0x18,0x30,0x38,0x30,0x78,0x18,0x98,0x07,0x18,0x00,0x18,0x00,0x18,0x00,0x18,0x00,0x7E,0x00},/*"p",80*/
//{0x00,0x00,0x00,0x00,0x00,0x00,0x00,0x00,0x00,0x00,0x00,0x00,0x00,0x00,0x00,0x00,0x00,0x00,0x00,0x00,0x00,0x00,0x00,0x00,0x00,0x00,0xC0,0x23,0x30,0x3C,0x18,0x38,0x18,0x30,0x0C,0x30,0x0C,0x30,0x0C,0x30,0x0C,0x30,0x0C,0x30,0x0C,0x30,0x08,0x30,0x18,0x38,0x30,0x3C,0xE0,0x33,0x00,0x30,0x00,0x30,0x00,0x30,0x00,0x30,0x00,0xFC},/*"q",81*/
//{0x00,0x00,0x00,0x00,0x00,0x00,0x00,0x00,0x00,0x00,0x00,0x00,0x00,0x00,0x00,0x00,0x00,0x00,0x00,0x00,0x00,0x00,0x00,0x00,0x60,0x00,0x7E,0x3C,0x60,0x66,0x60,0x61,0xE0,0x00,0xE0,0x00,0x60,0x00,0x60,0x00,0x60,0x00,0x60,0x00,0x60,0x00,0x60,0x00,0x60,0x00,0x60,0x00,0xFE,0x07,0x00,0x00,0x00,0x00,0x00,0x00,0x00,0x00,0x00,0x00},/*"r",82*/
//{0x00,0x00,0x00,0x00,0x00,0x00,0x00,0x00,0x00,0x00,0x00,0x00,0x00,0x00,0x00,0x00,0x00,0x00,0x00,0x00,0x00,0x00,0x00,0x00,0x00,0x00,0xE0,0x27,0x30,0x38,0x18,0x30,0x18,0x20,0x18,0x00,0x70,0x00,0xE0,0x03,0x80,0x0F,0x00,0x1C,0x04,0x30,0x04,0x30,0x0C,0x30,0x1C,0x18,0xEC,0x0F,0x00,0x00,0x00,0x00,0x00,0x00,0x00,0x00,0x00,0x00},/*"s",83*/
//{0x00,0x00,0x00,0x00,0x00,0x00,0x00,0x00,0x00,0x00,0x00,0x00,0x00,0x00,0x00,0x00,0x80,0x00,0x80,0x00,0x80,0x00,0xC0,0x00,0xE0,0x00,0xFC,0x1F,0xC0,0x00,0xC0,0x00,0xC0,0x00,0xC0,0x00,0xC0,0x00,0xC0,0x00,0xC0,0x00,0xC0,0x00,0xC0,0x00,0xC0,0x20,0xC0,0x20,0x80,0x11,0x00,0x0F,0x00,0x00,0x00,0x00,0x00,0x00,0x00,0x00,0x00,0x00},/*"t",84*/
//{0x00,0x00,0x00,0x00,0x00,0x00,0x00,0x00,0x00,0x00,0x00,0x00,0x00,0x00,0x00,0x00,0x00,0x00,0x00,0x00,0x00,0x00,0x00,0x00,0x10,0x20,0x1E,0x3C,0x18,0x30,0x18,0x30,0x18,0x30,0x18,0x30,0x18,0x30,0x18,0x30,0x18,0x30,0x18,0x30,0x18,0x30,0x18,0x30,0x18,0x38,0x30,0xF4,0xE0,0x13,0x00,0x00,0x00,0x00,0x00,0x00,0x00,0x00,0x00,0x00},/*"u",85*/
//{0x00,0x00,0x00,0x00,0x00,0x00,0x00,0x00,0x00,0x00,0x00,0x00,0x00,0x00,0x00,0x00,0x00,0x00,0x00,0x00,0x00,0x00,0x00,0x00,0x00,0x00,0x7E,0x3C,0x18,0x18,0x18,0x08,0x38,0x08,0x30,0x04,0x30,0x04,0x70,0x02,0x60,0x02,0x60,0x02,0xE0,0x01,0xC0,0x01,0xC0,0x01,0xC0,0x00,0x80,0x00,0x00,0x00,0x00,0x00,0x00,0x00,0x00,0x00,0x00,0x00},/*"v",86*/
//{0x00,0x00,0x00,0x00,0x00,0x00,0x00,0x00,0x00,0x00,0x00,0x00,0x00,0x00,0x00,0x00,0x00,0x00,0x00,0x00,0x00,0x00,0x00,0x00,0x00,0x00,0xDF,0xF7,0x8E,0x63,0x0C,0x23,0x8C,0x23,0x8C,0x23,0x98,0x13,0x98,0x13,0x58,0x16,0x58,0x16,0x70,0x0E,0x70,0x0E,0x70,0x0E,0x20,0x04,0x20,0x04,0x00,0x00,0x00,0x00,0x00,0x00,0x00,0x00,0x00,0x00},/*"w",87*/
//{0x00,0x00,0x00,0x00,0x00,0x00,0x00,0x00,0x00,0x00,0x00,0x00,0x00,0x00,0x00,0x00,0x00,0x00,0x00,0x00,0x00,0x00,0x00,0x00,0x00,0x00,0xFC,0x3E,0x70,0x08,0x70,0x04,0xE0,0x04,0xC0,0x02,0xC0,0x01,0x80,0x03,0x80,0x03,0x40,0x07,0x60,0x06,0x20,0x0C,0x10,0x0C,0x18,0x18,0x3E,0x7E,0x00,0x00,0x00,0x00,0x00,0x00,0x00,0x00,0x00,0x00},/*"x",88*/
//{0x00,0x00,0x00,0x00,0x00,0x00,0x00,0x00,0x00,0x00,0x00,0x00,0x00,0x00,0x00,0x00,0x00,0x00,0x00,0x00,0x00,0x00,0x00,0x00,0x00,0x00,0x7E,0x7C,0x18,0x18,0x18,0x08,0x30,0x08,0x30,0x08,0x30,0x04,0x60,0x04,0x60,0x04,0xC0,0x02,0xC0,0x02,0xC0,0x02,0x80,0x01,0x80,0x01,0x80,0x01,0x80,0x00,0x80,0x00,0x80,0x00,0x4C,0x00,0x3C,0x00},/*"y",89*/
//{0x00,0x00,0x00,0x00,0x00,0x00,0x00,0x00,0x00,0x00,0x00,0x00,0x00,0x00,0x00,0x00,0x00,0x00,0x00,0x00,0x00,0x00,0x00,0x00,0x00,0x00,0xFC,0x1F,0x0C,0x0C,0x04,0x0E,0x04,0x06,0x00,0x03,0x80,0x03,0x80,0x01,0xC0,0x00,0xE0,0x00,0x70,0x20,0x30,0x20,0x38,0x30,0x1C,0x18,0xFC,0x1F,0x00,0x00,0x00,0x00,0x00,0x00,0x00,0x00,0x00,0x00},/*"z",90*/
//{0x00,0x00,0x00,0x00,0x00,0x00,0x00,0x30,0x00,0x08,0x00,0x04,0x00,0x04,0x00,0x04,0x00,0x04,0x00,0x04,0x00,0x04,0x00,0x04,0x00,0x04,0x00,0x04,0x00,0x04,0x00,0x02,0x80,0x01,0x00,0x02,0x00,0x04,0x00,0x04,0x00,0x04,0x00,0x04,0x00,0x04,0x00,0x04,0x00,0x04,0x00,0x04,0x00,0x04,0x00,0x04,0x00,0x04,0x00,0x08,0x00,0x30,0x00,0x00},/*"{",91*/
//{0x00,0x01,0x00,0x01,0x00,0x01,0x00,0x01,0x00,0x01,0x00,0x01,0x00,0x01,0x00,0x01,0x00,0x01,0x00,0x01,0x00,0x01,0x00,0x01,0x00,0x01,0x00,0x01,0x00,0x01,0x00,0x01,0x00,0x01,0x00,0x01,0x00,0x01,0x00,0x01,0x00,0x01,0x00,0x01,0x00,0x01,0x00,0x01,0x00,0x01,0x00,0x01,0x00,0x01,0x00,0x01,0x00,0x01,0x00,0x01,0x00,0x01,0x00,0x01},/*"|",92*/
//{0x00,0x00,0x00,0x00,0x00,0x00,0x0C,0x00,0x10,0x00,0x20,0x00,0x20,0x00,0x20,0x00,0x20,0x00,0x20,0x00,0x20,0x00,0x20,0x00,0x20,0x00,0x20,0x00,0x20,0x00,0x40,0x00,0x80,0x01,0x40,0x00,0x20,0x00,0x20,0x00,0x20,0x00,0x20,0x00,0x20,0x00,0x20,0x00,0x20,0x00,0x20,0x00,0x20,0x00,0x20,0x00,0x20,0x00,0x10,0x00,0x0C,0x00,0x00,0x00},/*"}",93*/
//{0x00,0x00,0x38,0x00,0xC4,0x00,0x86,0x40,0x02,0x61,0x00,0x22,0x00,0x1C,0x00,0x00,0x00,0x00,0x00,0x00,0x00,0x00,0x00,0x00,0x00,0x00,0x00,0x00,0x00,0x00,0x00,0x00,0x00,0x00,0x00,0x00,0x00,0x00,0x00,0x00,0x00,0x00,0x00,0x00,0x00,0x00,0x00,0x00,0x00,0x00,0x00,0x00,0x00,0x00,0x00,0x00,0x00,0x00,0x00,0x00,0x00,0x00,0x00,0x00},/*"~",94*/
0x00,
};

//144
const unsigned char ascii_4824[][1]={

//0x00,0x00,0x00,0x00,0x00,0x00,0x00,0x00,0x00,0x00,0x00,0x00,0x00,0x00,0x00,0x00,0x00,0x00,0x00,0x00,0x00,0x00,0x38,0x00,0x00,0xFF,0x01,0xC0,0xFF,0x03,0xE0,0xFF,0x07,0xE0,0xC7,0x0F,0xF0,0x83,0x0F,0xF8,0x01,0x1F,0xF8,0x00,0x1F,0xF8,0x00,0x3E,0x7C,0x00,0x3E,0x7C,0x00,0x3E,0x7C,0x00,0x3E,0x7C,0x00,0x3C,0x7C,0x00,0x3C,0x7C,0x00,0x3C,0x3C,0x00,0x7C,0x3C,0x00,0x7C,0x3C,0x00,0x7C,0x3C,0x00,0x7C,0x3C,0x00,
//0x3C,0x7C,0x00,0x3C,0x7C,0x00,0x3C,0x7C,0x00,0x3E,0x7C,0x00,0x3E,0x7C,0x00,0x3E,0xF8,0x00,0x3E,0xF8,0x00,0x1F,0xF0,0x01,0x1F,0xF0,0x83,0x0F,0xE0,0xE7,0x0F,0xE0,0xFF,0x07,0x80,0xFF,0x03,0x00,0xFF,0x01,0x00,0x00,0x00,0x00,0x00,0x00,0x00,0x00,0x00,0x00,0x00,0x00,0x00,0x00,0x00,0x00,0x00,0x00,0x00,0x00,0x00,0x00,0x00,0x00,/*"0",0*/
//0x00,0x00,0x00,0x00,0x00,0x00,0x00,0x00,0x00,0x00,0x00,0x00,0x00,0x00,0x00,0x00,0x00,0x00,0x00,0x00,0x00,0x00,0x00,0x00,0x00,0x78,0x00,0x00,0x78,0x00,0x00,0x7C,0x00,0x00,0x7E,0x00,0x00,0x7F,0x00,0x80,0x7F,0x00,0xE0,0x7F,0x00,0xF0,0x7F,0x00,0xF0,0x7D,0x00,0x70,0x7C,0x00,0x30,0x7C,0x00,0x00,0x7C,0x00,0x00,0x7C,0x00,0x00,0x7C,0x00,0x00,0x7C,0x00,0x00,0x7C,0x00,0x00,0x7C,0x00,0x00,0x7C,0x00,0x00,0x7C,
//0x00,0x00,0x7C,0x00,0x00,0x7C,0x00,0x00,0x7C,0x00,0x00,0x7C,0x00,0x00,0x7C,0x00,0x00,0x7C,0x00,0x00,0x7C,0x00,0x00,0x7C,0x00,0x00,0x7C,0x00,0x00,0x7C,0x00,0x00,0x7C,0x00,0x00,0x7C,0x00,0x00,0x7C,0x00,0x00,0x00,0x00,0x00,0x00,0x00,0x00,0x00,0x00,0x00,0x00,0x00,0x00,0x00,0x00,0x00,0x00,0x00,0x00,0x00,0x00,0x00,0x00,0x00,/*"1",1*/
//0x00,0x00,0x00,0x00,0x00,0x00,0x00,0x00,0x00,0x00,0x00,0x00,0x00,0x00,0x00,0x00,0x00,0x00,0x00,0x00,0x00,0x00,0x7C,0x00,0x80,0xFF,0x03,0xE0,0xFF,0x07,0xF0,0xFF,0x0F,0xF0,0xC7,0x1F,0xF8,0x01,0x1F,0xFC,0x00,0x3F,0x7C,0x00,0x3E,0x3C,0x00,0x3E,0x00,0x00,0x3E,0x00,0x00,0x3E,0x00,0x00,0x1F,0x00,0x00,0x1F,0x00,0x00,0x1F,0x00,0x80,0x0F,0x00,0xC0,0x0F,0x00,0xC0,0x07,0x00,0xE0,0x03,0x00,0xF0,0x03,0x00,0xF8,
//0x01,0x00,0xF8,0x00,0x00,0x7C,0x00,0x00,0x7E,0x00,0x00,0x3F,0x00,0x80,0x1F,0x00,0xC0,0x0F,0x00,0xE0,0x07,0x00,0xF0,0x03,0x00,0xF0,0x03,0x00,0xF8,0xFF,0x3F,0xF8,0xFF,0x3F,0xFC,0xFF,0x3F,0xFC,0xFF,0x3F,0x00,0x00,0x00,0x00,0x00,0x00,0x00,0x00,0x00,0x00,0x00,0x00,0x00,0x00,0x00,0x00,0x00,0x00,0x00,0x00,0x00,0x00,0x00,0x00,/*"2",2*/
//0x00,0x00,0x00,0x00,0x00,0x00,0x00,0x00,0x00,0x00,0x00,0x00,0x00,0x00,0x00,0x00,0x00,0x00,0x00,0x00,0x00,0x00,0x00,0x00,0x00,0xFF,0x03,0xC0,0xFF,0x07,0xE0,0xFF,0x0F,0xF0,0xC3,0x1F,0xF0,0x01,0x1F,0xF8,0x00,0x3F,0x78,0x00,0x3E,0x7C,0x00,0x3E,0x00,0x00,0x3E,0x00,0x00,0x1E,0x00,0x00,0x1F,0x00,0x00,0x1F,0x00,0xC0,0x0F,0x00,0xF0,0x07,0x00,0xFC,0x03,0x00,0xFC,0x03,0x00,0xF8,0x0F,0x00,0xC0,0x1F,0x00,0x00,
//0x1F,0x00,0x00,0x3F,0x00,0x00,0x3E,0x00,0x00,0x3E,0x00,0x00,0x3E,0x30,0x00,0x3E,0x7C,0x00,0x3E,0x7C,0x00,0x3E,0xF8,0x00,0x3F,0xF8,0x81,0x1F,0xF0,0xC7,0x0F,0xE0,0xFF,0x0F,0xC0,0xFF,0x03,0x00,0xFF,0x01,0x00,0x00,0x00,0x00,0x00,0x00,0x00,0x00,0x00,0x00,0x00,0x00,0x00,0x00,0x00,0x00,0x00,0x00,0x00,0x00,0x00,0x00,0x00,0x00,/*"3",3*/
//0x00,0x00,0x00,0x00,0x00,0x00,0x00,0x00,0x00,0x00,0x00,0x00,0x00,0x00,0x00,0x00,0x00,0x00,0x00,0x00,0x00,0x00,0x00,0x00,0x00,0x80,0x0F,0x00,0xC0,0x0F,0x00,0xC0,0x0F,0x00,0xE0,0x0F,0x00,0xF0,0x0F,0x00,0xF0,0x0F,0x00,0xF8,0x0F,0x00,0xFC,0x0F,0x00,0xFC,0x0F,0x00,0xBE,0x0F,0x00,0x9F,0x0F,0x00,0x9F,0x0F,0x80,0x8F,0x0F,0xC0,0x87,0x0F,0xE0,0x87,0x0F,0xE0,0x83,0x0F,0xF0,0x81,0x0F,0xF8,0x80,0x0F,0xF8,0x80,
//0x0F,0x7C,0x80,0x0F,0x3E,0x80,0x0F,0x3E,0x80,0x0F,0xFE,0xFF,0xFF,0xFE,0xFF,0xFF,0xFE,0xFF,0xFF,0x00,0x80,0x0F,0x00,0x80,0x0F,0x00,0x80,0x0F,0x00,0x80,0x0F,0x00,0x80,0x0F,0x00,0x80,0x0F,0x00,0x80,0x0F,0x00,0x00,0x00,0x00,0x00,0x00,0x00,0x00,0x00,0x00,0x00,0x00,0x00,0x00,0x00,0x00,0x00,0x00,0x00,0x00,0x00,0x00,0x00,0x00,/*"4",4*/
//0x00,0x00,0x00,0x00,0x00,0x00,0x00,0x00,0x00,0x00,0x00,0x00,0x00,0x00,0x00,0x00,0x00,0x00,0x00,0x00,0x00,0x00,0x00,0x00,0xE0,0xFF,0x1F,0xE0,0xFF,0x1F,0xE0,0xFF,0x1F,0xE0,0xFF,0x1F,0xF0,0x01,0x00,0xF0,0x01,0x00,0xF0,0x00,0x00,0xF0,0x00,0x00,0xF8,0x00,0x00,0xF8,0x00,0x00,0xF8,0x3C,0x00,0xF8,0xFF,0x01,0xF8,0xFF,0x07,0xFC,0xFF,0x0F,0xFC,0xC0,0x0F,0x7C,0x80,0x1F,0x38,0x00,0x1F,0x00,0x00,0x3E,0x00,0x00,
//0x3E,0x00,0x00,0x3E,0x00,0x00,0x3E,0x00,0x00,0x3E,0x00,0x00,0x3E,0x18,0x00,0x3E,0x3E,0x00,0x3E,0x3E,0x00,0x3F,0x7E,0x00,0x1F,0x7C,0x80,0x1F,0xFC,0xE1,0x0F,0xF8,0xFF,0x07,0xF0,0xFF,0x03,0xC0,0xFF,0x00,0x00,0x00,0x00,0x00,0x00,0x00,0x00,0x00,0x00,0x00,0x00,0x00,0x00,0x00,0x00,0x00,0x00,0x00,0x00,0x00,0x00,0x00,0x00,0x00,/*"5",5*/
//0x00,0x00,0x00,0x00,0x00,0x00,0x00,0x00,0x00,0x00,0x00,0x00,0x00,0x00,0x00,0x00,0x00,0x00,0x00,0x00,0x00,0x00,0x00,0x00,0x00,0xE0,0x03,0x00,0xF0,0x01,0x00,0xF8,0x01,0x00,0xF8,0x00,0x00,0x7C,0x00,0x00,0x7E,0x00,0x00,0x3E,0x00,0x00,0x1F,0x00,0x80,0x1F,0x00,0x80,0x0F,0x00,0xC0,0x0F,0x00,0xC0,0xF7,0x00,0xE0,0xFF,0x07,0xF0,0xFF,0x0F,0xF0,0xFF,0x1F,0xF8,0x03,0x3F,0xF8,0x01,0x7E,0xFC,0x00,0x7C,0x7C,0x00,
//0x7C,0x7C,0x00,0xF8,0x7C,0x00,0xF8,0x7C,0x00,0xF8,0x7C,0x00,0xF8,0x7C,0x00,0xF8,0x7C,0x00,0x7C,0xFC,0x00,0x7C,0xF8,0x00,0x7E,0xF8,0x01,0x3E,0xF0,0x87,0x3F,0xE0,0xFF,0x1F,0xC0,0xFF,0x0F,0x80,0xFF,0x03,0x00,0x00,0x00,0x00,0x00,0x00,0x00,0x00,0x00,0x00,0x00,0x00,0x00,0x00,0x00,0x00,0x00,0x00,0x00,0x00,0x00,0x00,0x00,0x00,/*"6",6*/
//0x00,0x00,0x00,0x00,0x00,0x00,0x00,0x00,0x00,0x00,0x00,0x00,0x00,0x00,0x00,0x00,0x00,0x00,0x00,0x00,0x00,0x00,0x00,0x00,0xFC,0xFF,0x7F,0xFC,0xFF,0x7F,0xFC,0xFF,0x7F,0xFC,0xFF,0x7F,0x00,0x00,0x3C,0x00,0x00,0x3E,0x00,0x00,0x1F,0x00,0x00,0x1F,0x00,0x80,0x0F,0x00,0x80,0x0F,0x00,0xC0,0x07,0x00,0xC0,0x07,0x00,0xE0,0x03,0x00,0xE0,0x03,0x00,0xF0,0x01,0x00,0xF0,0x01,0x00,0xF0,0x00,0x00,0xF8,0x00,0x00,0x78,
//0x00,0x00,0x7C,0x00,0x00,0x7C,0x00,0x00,0x3C,0x00,0x00,0x3E,0x00,0x00,0x3E,0x00,0x00,0x1F,0x00,0x00,0x1F,0x00,0x00,0x1F,0x00,0x00,0x1F,0x00,0x80,0x0F,0x00,0x80,0x0F,0x00,0x80,0x0F,0x00,0xC0,0x0F,0x00,0x00,0x00,0x00,0x00,0x00,0x00,0x00,0x00,0x00,0x00,0x00,0x00,0x00,0x00,0x00,0x00,0x00,0x00,0x00,0x00,0x00,0x00,0x00,0x00,/*"7",7*/
//0x00,0x00,0x00,0x00,0x00,0x00,0x00,0x00,0x00,0x00,0x00,0x00,0x00,0x00,0x00,0x00,0x00,0x00,0x00,0x00,0x00,0x00,0x00,0x00,0x80,0xFF,0x01,0xE0,0xFF,0x07,0xF0,0xFF,0x0F,0xF0,0xC1,0x1F,0xF8,0x00,0x1F,0x78,0x00,0x1F,0x7C,0x00,0x3E,0x7C,0x00,0x3E,0x7C,0x00,0x3E,0x7C,0x00,0x1E,0xF8,0x00,0x1F,0xF8,0x80,0x1F,0xF0,0xC1,0x0F,0xF0,0xFF,0x07,0xC0,0xFF,0x03,0xE0,0xFF,0x03,0xF0,0xFF,0x0F,0xF8,0xC3,0x1F,0xFC,0x00,
//0x3F,0x7C,0x00,0x3E,0x7C,0x00,0x3E,0x3E,0x00,0x3C,0x3E,0x00,0x7C,0x3E,0x00,0x7C,0x3E,0x00,0x3C,0x7C,0x00,0x3E,0x7C,0x00,0x3E,0xFC,0x00,0x3F,0xF8,0xC3,0x1F,0xF8,0xFF,0x0F,0xF0,0xFF,0x07,0xC0,0xFF,0x03,0x00,0x00,0x00,0x00,0x00,0x00,0x00,0x00,0x00,0x00,0x00,0x00,0x00,0x00,0x00,0x00,0x00,0x00,0x00,0x00,0x00,0x00,0x00,0x00,/*"8",8*/
//0x00,0x00,0x00,0x00,0x00,0x00,0x00,0x00,0x00,0x00,0x00,0x00,0x00,0x00,0x00,0x00,0x00,0x00,0x00,0x00,0x00,0x00,0x3C,0x00,0x80,0xFF,0x01,0xE0,0xFF,0x03,0xF0,0xFF,0x0F,0xF8,0xE3,0x0F,0xFC,0x80,0x1F,0x7C,0x00,0x3F,0x7C,0x00,0x3F,0x3E,0x00,0x3E,0x3E,0x00,0x3E,0x3E,0x00,0x3E,0x3E,0x00,0x3E,0x3E,0x00,0x3E,0x3E,0x00,0x3E,0x7E,0x00,0x1F,0x7C,0x80,0x1F,0xFC,0xC0,0x1F,0xF8,0xE3,0x0F,0xF8,0xFF,0x0F,0xE0,0xFF,
//0x07,0x80,0xFF,0x07,0x00,0xF0,0x03,0x00,0xF0,0x01,0x00,0xF8,0x01,0x00,0xF8,0x00,0x00,0xFC,0x00,0x00,0x7C,0x00,0x00,0x7E,0x00,0x00,0x3E,0x00,0x00,0x1F,0x00,0x00,0x1F,0x00,0x80,0x0F,0x00,0x80,0x0F,0x00,0x00,0x00,0x00,0x00,0x00,0x00,0x00,0x00,0x00,0x00,0x00,0x00,0x00,0x00,0x00,0x00,0x00,0x00,0x00,0x00,0x00,0x00,0x00,0x00,/*"9",9*/
//0x00,0x00,0x00,0x00,0x00,0x00,0x00,0x00,0x00,0x00,0x00,0x00,0x00,0x00,0x00,0x00,0x00,0x00,0x00,0x00,0x00,0x00,0x00,0x00,0x00,0x00,0x00,0x00,0x00,0x00,0x00,0x00,0x00,0x00,0x00,0x00,0x00,0x00,0x00,0x00,0x00,0x00,0x00,0x3E,0x00,0x00,0x3E,0x00,0x00,0x3E,0x00,0x00,0x3E,0x00,0x00,0x00,0x00,0x00,0x00,0x00,0x00,0x00,0x00,0x00,0x00,0x00,0x00,0x00,0x00,0x00,0x00,0x00,0x00,0x00,0x00,0x00,0x00,0x00,0x00,0x00,
//0x00,0x00,0x00,0x00,0x00,0x00,0x00,0x00,0x00,0x00,0x00,0x00,0x00,0x00,0x3E,0x00,0x00,0x3E,0x00,0x00,0x3E,0x00,0x00,0x3E,0x00,0x00,0x00,0x00,0x00,0x00,0x00,0x00,0x00,0x00,0x00,0x00,0x00,0x00,0x00,0x00,0x00,0x00,0x00,0x00,0x00,0x00,0x00,0x00,0x00,0x00,0x00,0x00,0x00,0x00,0x00,0x00,0x00,0x00,0x00,0x00,0x00,0x00,0x00,0x00,/*":",10*/
0x00,
};

//数码管字体  %  ℃
const unsigned char sz32[]={
//#if USE_ONCHIP_FLASH_FONT
////"0",
//0x00,0x00,0x00,0x00,0x00,0x1F,0xE0,0x00,0x00,0x3F,0xF0,0x00,0x00,0x3F,0xF0,0x00,0x00,0x1F,0xE0,0x00,0x01,0x80,0x06,0x00,0x03,0xC0,0x0F,0x00,0x03,0xC0,0x0F,0x00,0x03,0xC0,0x0F,0x00,0x03,0xC0,0x0F,0x00,0x03,0xC0,0x0F,0x00,0x03,0xC0,0x0F,0x00,0x03,0xC0,0x0F,0x00,0x03,0xC0,0x0F,0x00,0x03,0x00,0x03,0x00,0x00,0x00,0x00,0x00,0x00,0x00,0x00,0x00,0x00,0x00,0x00,0x00,0x03,0x00,0x03,0x00,0x03,0xC0,0x0F,0x00,0x03,0xC0,0x0F,0x00,0x03,0xC0,0x0F,0x00,0x03,0xC0,0x0F,0x00,0x03,0xC0,0x0F,0x00,0x03,0xC0,0x0F,0x00,0x03,0xC0,0x0F,0x00,0x03,0xC0,0x0F,0x00,0x01,0x80,0x06,0x00,0x00,0x1F,0xE0,0x00,0x00,0x3F,0xF0,0x00,0x00,0x3F,0xF0,0x00,0x00,0x1F,0xE0,0x00,
////"1",
//0x00,0x00,0x00,0x00,0x00,0x00,0x00,0x00,0x00,0x00,0x80,0x00,0x00,0x01,0x80,0x00,0x00,0x03,0x80,0x00,0x00,0x07,0x80,0x00,0x00,0x07,0x80,0x00,0x00,0x07,0x80,0x00,0x00,0x07,0x80,0x00,0x00,0x07,0x80,0x00,0x00,0x07,0x80,0x00,0x00,0x07,0x80,0x00,0x00,0x07,0x80,0x00,0x00,0x07,0x80,0x00,0x00,0x01,0x80,0x00,0x00,0x00,0x00,0x00,0x00,0x00,0x00,0x00,0x00,0x00,0x00,0x00,0x00,0x01,0x80,0x00,0x00,0x07,0x80,0x00,0x00,0x07,0x80,0x00,0x00,0x07,0x80,0x00,0x00,0x07,0x80,0x00,0x00,0x07,0x80,0x00,0x00,0x07,0x80,0x00,0x00,0x07,0x80,0x00,0x00,0x07,0x80,0x00,0x00,0x07,0x80,0x00,0x00,0x03,0x80,0x00,0x00,0x01,0x80,0x00,0x00,0x00,0x80,0x00,0x00,0x00,0x00,0x00,
////"2",
//0x00,0x00,0x00,0x00,0x00,0x1F,0xE0,0x00,0x00,0x3F,0xF0,0x00,0x00,0xFF,0xF0,0x00,0x01,0xFF,0xE0,0x00,0x00,0x00,0x06,0x00,0x00,0x00,0x0F,0x00,0x00,0x00,0x0F,0x00,0x00,0x00,0x0F,0x00,0x00,0x00,0x0F,0x00,0x00,0x00,0x0F,0x00,0x00,0x00,0x0F,0x00,0x00,0x00,0x0F,0x00,0x00,0x00,0x0F,0x00,0x00,0x1F,0xE3,0x00,0x00,0x7F,0xF8,0x00,0x00,0x7F,0xF8,0x00,0x00,0x1F,0xE0,0x00,0x03,0x00,0x00,0x00,0x03,0xC0,0x00,0x00,0x03,0xC0,0x00,0x00,0x03,0xC0,0x00,0x00,0x03,0xC0,0x00,0x00,0x03,0xC0,0x00,0x00,0x03,0xC0,0x00,0x00,0x03,0xC0,0x00,0x00,0x03,0xC0,0x00,0x00,0x01,0x80,0x00,0x00,0x00,0x1F,0xF0,0x00,0x00,0x3F,0xF8,0x00,0x00,0x3F,0xFC,0x00,0x00,0x1F,0xFE,0x00,
////"3",
//0x00,0x00,0x00,0x00,0x03,0xFF,0x80,0x00,0x01,0xFF,0xC0,0x00,0x00,0xFF,0xC0,0x00,0x00,0x7F,0x80,0x00,0x00,0x00,0x18,0x00,0x00,0x00,0x3C,0x00,0x00,0x00,0x3C,0x00,0x00,0x00,0x3C,0x00,0x00,0x00,0x3C,0x00,0x00,0x00,0x3C,0x00,0x00,0x00,0x3C,0x00,0x00,0x00,0x3C,0x00,0x00,0x00,0x3C,0x00,0x00,0x7F,0x8C,0x00,0x01,0xFF,0xE0,0x00,0x01,0xFF,0xF0,0x00,0x00,0x7F,0x80,0x00,0x00,0x00,0x0C,0x00,0x00,0x00,0x3C,0x00,0x00,0x00,0x3C,0x00,0x00,0x00,0x3C,0x00,0x00,0x00,0x3C,0x00,0x00,0x00,0x3C,0x00,0x00,0x00,0x3C,0x00,0x00,0x00,0x3C,0x00,0x00,0x00,0x3C,0x00,0x00,0x00,0x18,0x00,0x00,0x7F,0x80,0x00,0x00,0xFF,0xC0,0x00,0x01,0xFF,0xC0,0x00,0x03,0xFF,0x80,0x00,
////"4",
//0x00,0x00,0x00,0x00,0x00,0x00,0x00,0x00,0x02,0x00,0x01,0x00,0x03,0x00,0x03,0x00,0x03,0x80,0x07,0x00,0x03,0xC0,0x0F,0x00,0x03,0xC0,0x0F,0x00,0x03,0xC0,0x0F,0x00,0x03,0xC0,0x0F,0x00,0x03,0xC0,0x0F,0x00,0x03,0xC0,0x0F,0x00,0x03,0xC0,0x0F,0x00,0x03,0xC0,0x0F,0x00,0x03,0xC0,0x0F,0x00,0x03,0x1F,0xE3,0x00,0x00,0x7F,0xF8,0x00,0x00,0x7F,0xFC,0x00,0x00,0x1F,0xE0,0x00,0x00,0x00,0x03,0x00,0x00,0x00,0x0F,0x00,0x00,0x00,0x0F,0x00,0x00,0x00,0x0F,0x00,0x00,0x00,0x0F,0x00,0x00,0x00,0x0F,0x00,0x00,0x00,0x0F,0x00,0x00,0x00,0x0F,0x00,0x00,0x00,0x0F,0x00,0x00,0x00,0x0F,0x00,0x00,0x00,0x07,0x00,0x00,0x00,0x03,0x00,0x00,0x00,0x01,0x00,0x00,0x00,0x00,0x00,
////"5",
//0x00,0x00,0x00,0x00,0x00,0x1F,0xFC,0x00,0x00,0x3F,0xF8,0x00,0x00,0x3F,0xF0,0x00,0x00,0x1F,0xE0,0x00,0x01,0x80,0x00,0x00,0x03,0xC0,0x00,0x00,0x03,0xC0,0x00,0x00,0x03,0xC0,0x00,0x00,0x03,0xC0,0x00,0x00,0x03,0xC0,0x00,0x00,0x03,0xC0,0x00,0x00,0x03,0xC0,0x00,0x00,0x03,0xC0,0x00,0x00,0x03,0x1F,0xE0,0x00,0x00,0x7F,0xF8,0x00,0x00,0x7F,0xF8,0x00,0x00,0x1F,0xE0,0x00,0x00,0x00,0x03,0x00,0x00,0x00,0x0F,0x00,0x00,0x00,0x0F,0x00,0x00,0x00,0x0F,0x00,0x00,0x00,0x0F,0x00,0x00,0x00,0x0F,0x00,0x00,0x00,0x0F,0x00,0x00,0x00,0x0F,0x00,0x00,0x00,0x0F,0x00,0x00,0x00,0x06,0x00,0x00,0x3F,0xE0,0x00,0x00,0x7F,0xF0,0x00,0x00,0xFF,0xF0,0x00,0x01,0xFF,0xE0,0x00,
////"6",
//0x00,0x00,0x00,0x00,0x00,0x1F,0xFC,0x00,0x00,0x3F,0xF8,0x00,0x00,0x3F,0xF0,0x00,0x00,0x1F,0xE0,0x00,0x01,0x80,0x00,0x00,0x03,0xC0,0x00,0x00,0x03,0xC0,0x00,0x00,0x03,0xC0,0x00,0x00,0x03,0xC0,0x00,0x00,0x03,0xC0,0x00,0x00,0x03,0xC0,0x00,0x00,0x03,0xC0,0x00,0x00,0x03,0xC0,0x00,0x00,0x03,0x1F,0xE0,0x00,0x00,0x7F,0xF8,0x00,0x00,0x7F,0xFC,0x00,0x00,0x1F,0xE0,0x00,0x03,0x00,0x03,0x00,0x03,0xC0,0x0F,0x00,0x03,0xC0,0x0F,0x00,0x03,0xC0,0x0F,0x00,0x03,0xC0,0x0F,0x00,0x03,0xC0,0x0F,0x00,0x03,0xC0,0x0F,0x00,0x03,0xC0,0x0F,0x00,0x03,0xC0,0x0F,0x00,0x01,0x80,0x06,0x00,0x00,0x1F,0xE0,0x00,0x00,0x3F,0xF0,0x00,0x00,0x3F,0xF0,0x00,0x00,0x1F,0xE0,0x00,
////"7",
//0x00,0x00,0x00,0x00,0x07,0xFF,0xE0,0x00,0x03,0xFF,0xC0,0x00,0x01,0xFF,0x88,0x00,0x00,0xFF,0x18,0x00,0x00,0x00,0x38,0x00,0x00,0x00,0x78,0x00,0x00,0x00,0x78,0x00,0x00,0x00,0x78,0x00,0x00,0x00,0x78,0x00,0x00,0x00,0x78,0x00,0x00,0x00,0x78,0x00,0x00,0x00,0x78,0x00,0x00,0x00,0x78,0x00,0x00,0x00,0x18,0x00,0x00,0x00,0x00,0x00,0x00,0x00,0x00,0x00,0x00,0x00,0x00,0x00,0x00,0x00,0x18,0x00,0x00,0x00,0x78,0x00,0x00,0x00,0x78,0x00,0x00,0x00,0x78,0x00,0x00,0x00,0x78,0x00,0x00,0x00,0x78,0x00,0x00,0x00,0x78,0x00,0x00,0x00,0x78,0x00,0x00,0x00,0x78,0x00,0x00,0x00,0x78,0x00,0x00,0x00,0x38,0x00,0x00,0x00,0x18,0x00,0x00,0x00,0x08,0x00,0x00,0x00,0x00,0x00,
////"8",
//0x00,0x00,0x00,0x00,0x00,0x1F,0xE0,0x00,0x00,0x3F,0xF0,0x00,0x00,0x3F,0xF0,0x00,0x00,0x1F,0xE0,0x00,0x01,0x80,0x06,0x00,0x03,0xC0,0x0F,0x00,0x03,0xC0,0x0F,0x00,0x03,0xC0,0x0F,0x00,0x03,0xC0,0x0F,0x00,0x03,0xC0,0x0F,0x00,0x03,0xC0,0x0F,0x00,0x03,0xC0,0x0F,0x00,0x03,0xC0,0x0F,0x00,0x03,0x1F,0xE3,0x00,0x00,0x7F,0xF8,0x00,0x00,0x7F,0xFC,0x00,0x00,0x1F,0xE0,0x00,0x03,0x00,0x03,0x00,0x03,0xC0,0x0F,0x00,0x03,0xC0,0x0F,0x00,0x03,0xC0,0x0F,0x00,0x03,0xC0,0x0F,0x00,0x03,0xC0,0x0F,0x00,0x03,0xC0,0x0F,0x00,0x03,0xC0,0x0F,0x00,0x03,0xC0,0x0F,0x00,0x01,0x80,0x06,0x00,0x00,0x1F,0xE0,0x00,0x00,0x3F,0xF0,0x00,0x00,0x3F,0xF0,0x00,0x00,0x1F,0xE0,0x00,
////"9",
//0x00,0x00,0x00,0x00,0x00,0x1F,0xE0,0x00,0x00,0x3F,0xF0,0x00,0x00,0x3F,0xF0,0x00,0x00,0x1F,0xE0,0x00,0x01,0x80,0x06,0x00,0x03,0xC0,0x0F,0x00,0x03,0xC0,0x0F,0x00,0x03,0xC0,0x0F,0x00,0x03,0xC0,0x0F,0x00,0x03,0xC0,0x0F,0x00,0x03,0xC0,0x0F,0x00,0x03,0xC0,0x0F,0x00,0x03,0xC0,0x0F,0x00,0x03,0x1F,0xE3,0x00,0x00,0x7F,0xF8,0x00,0x00,0x7F,0xFC,0x00,0x00,0x1F,0xE0,0x00,0x00,0x00,0x03,0x00,0x00,0x00,0x0F,0x00,0x00,0x00,0x0F,0x00,0x00,0x00,0x0F,0x00,0x00,0x00,0x0F,0x00,0x00,0x00,0x0F,0x00,0x00,0x00,0x0F,0x00,0x00,0x00,0x0F,0x00,0x00,0x00,0x0F,0x00,0x00,0x00,0x06,0x00,0x00,0x1F,0xE0,0x00,0x00,0x3F,0xF0,0x00,0x00,0x7F,0xF0,0x00,0x00,0xFF,0xE0,0x00,
////".",
//0x00,0x00,0x00,0x00,0x00,0x00,0x00,0x00,0x00,0x00,0x00,0x00,0x00,0x00,0x00,0x00,0x00,0x00,0x00,0x00,0x00,0x00,0x00,0x00,0x00,0x00,0x00,0x00,0x00,0x00,0x00,0x00,0x00,0x00,0x00,0x00,0x00,0x00,0x00,0x00,0x00,0x00,0x00,0x00,0x00,0x00,0x00,0x00,0x00,0x00,0x00,0x00,0x00,0x00,0x00,0x00,0x00,0x00,0x00,0x00,0x00,0x00,0x00,0x00,0x00,0x00,0x00,0x00,0x00,0x00,0x00,0x00,0x00,0x00,0x00,0x00,0x00,0x00,0x00,0x00,0x00,0x00,0x00,0x00,0x00,0x78,0x00,0x00,0x00,0x78,0x00,0x00,0x00,0x78,0x00,0x00,0x00,0x78,0x00,0x00,0x00,0x78,0x00,0x00,0x00,0x78,0x00,0x00,0x00,0x00,0x00,0x00,0x00,0x00,0x00,0x00,0x00,0x00,0x00,0x00,0x00,0x00,0x00,0x00,0x00,0x00,0x00,0x00,
////":",
//0x00,0x00,0x00,0x00,0x00,0x00,0x00,0x00,0x00,0x00,0x00,0x00,0x00,0x00,0x00,0x00,0x00,0x00,0x00,0x00,0x00,0x00,0x00,0x00,0x00,0x00,0x00,0x00,0x00,0x00,0x00,0x00,0x00,0x07,0x00,0x00,0x00,0x0F,0x80,0x00,0x00,0x0F,0x80,0x00,0x00,0x0F,0x80,0x00,0x00,0x07,0x00,0x00,0x00,0x00,0x00,0x00,0x00,0x00,0x00,0x00,0x00,0x00,0x00,0x00,0x00,0x00,0x00,0x00,0x00,0x00,0x00,0x00,0x00,0x00,0x00,0x00,0x00,0x07,0x00,0x00,0x00,0x0F,0x80,0x00,0x00,0x0F,0x80,0x00,0x00,0x0F,0x80,0x00,0x00,0x07,0x00,0x00,0x00,0x00,0x00,0x00,0x00,0x00,0x00,0x00,0x00,0x00,0x00,0x00,0x00,0x00,0x00,0x00,0x00,0x00,0x00,0x00,0x00,0x00,0x00,0x00,0x00,0x00,0x00,0x00,0x00,0x00,0x00,0x00,
////"%",
//0x00,0x00,0x00,0x00,0x00,0x00,0x00,0x00,0x00,0x00,0x00,0x00,0x00,0x00,0x00,0x00,0x07,0xC0,0x06,0x00,0x0F,0xE0,0x06,0x00,0x00,0x00,0x0C,0x00,0x30,0x18,0x18,0x00,0x30,0x18,0x18,0x00,0x30,0x18,0x30,0x00,0x30,0x18,0x30,0x00,0x30,0x18,0x60,0x00,0x30,0x08,0xC0,0x00,0x07,0xC0,0xC0,0x00,0x0F,0xE0,0x80,0x00,0x00,0x00,0x00,0x00,0x00,0x00,0x0F,0xE0,0x00,0x06,0x07,0xC0,0x00,0x06,0x30,0x18,0x00,0x0C,0x30,0x18,0x00,0x0C,0x30,0x18,0x00,0x18,0x30,0x18,0x00,0x30,0x30,0x18,0x00,0x30,0x30,0x18,0x00,0x60,0x00,0x00,0x00,0xC0,0x0F,0xE0,0x00,0xC0,0x07,0xC0,0x00,0x00,0x00,0x00,0x00,0x00,0x00,0x00,0x00,0x00,0x00,0x00,0x00,0x00,0x00,0x00,0x00,0x00,0x00,0x00,
////"℃",
//0x00,0x00,0x00,0x00,0x00,0x00,0x00,0x00,0x00,0x00,0x00,0x00,0x00,0x00,0x00,0x00,0x00,0x00,0x00,0x00,0x00,0x00,0x00,0x00,0x07,0x00,0xE0,0x00,0x08,0x87,0xFC,0x00,0x08,0x8E,0x03,0x00,0x08,0x98,0x01,0x80,0x07,0x18,0x00,0x80,0x00,0x30,0x00,0x00,0x00,0x30,0x00,0x00,0x00,0x70,0x00,0x00,0x00,0x60,0x00,0x00,0x00,0x60,0x00,0x00,0x00,0x60,0x00,0x00,0x00,0x60,0x00,0x00,0x00,0x60,0x00,0x00,0x00,0x70,0x00,0x00,0x00,0x30,0x00,0x00,0x00,0x30,0x00,0x00,0x00,0x38,0x00,0x00,0x00,0x18,0x01,0x00,0x00,0x0C,0x03,0x00,0x00,0x07,0xFC,0x00,0x00,0x01,0xF0,0x00,0x00,0x00,0x00,0x00,0x00,0x00,0x00,0x00,0x00,0x00,0x00,0x00,0x00,0x00,0x00,0x00,0x00,0x00,0x00,0x00,
////"-",
//0x00,0x00,0x00,0x00,0x00,0x00,0x00,0x00,0x00,0x00,0x00,0x00,0x00,0x00,0x00,0x00,0x00,0x00,0x00,0x00,0x00,0x00,0x00,0x00,0x00,0x00,0x00,0x00,0x00,0x00,0x00,0x00,0x00,0x00,0x00,0x00,0x00,0x00,0x00,0x00,0x00,0x00,0x00,0x00,0x00,0x00,0x00,0x00,0x00,0x00,0x00,0x00,0x00,0x00,0x00,0x00,0x00,0x00,0x00,0x00,0x00,0x3F,0xF0,0x00,0x00,0x7F,0xF0,0x00,0x00,0x7F,0xE0,0x00,0x00,0xFF,0xC0,0x00,0x00,0x00,0x00,0x00,0x00,0x00,0x00,0x00,0x00,0x00,0x00,0x00,0x00,0x00,0x00,0x00,0x00,0x00,0x00,0x00,0x00,0x00,0x00,0x00,0x00,0x00,0x00,0x00,0x00,0x00,0x00,0x00,0x00,0x00,0x00,0x00,0x00,0x00,0x00,0x00,0x00,0x00,0x00,0x00,0x00,0x00,0x00,0x00,0x00,0x00,0x00,0x00,
//#endif
0x00,
};

struct typFNT_GB122
{
       unsigned char Index[2];	
       char Msk[24];
};
//宋体5号
#define hz12_num   26
const struct typFNT_GB122 hz12[] = {
#if USE_ONCHIP_FLASH_FONT
"温",0x0F,0x80,0x88,0x80,0x4F,0x80,0x08,0x80,0x0F,0x80,0x80,0x00,0x5F,0xC0,0x15,0x40,0x35,0x40,0x55,0x40,0x95,0x40,0x3F,0xE0,/*"温",2*/
"度",0x02,0x00,0x7F,0xE0,0x48,0x80,0x7F,0xE0,0x48,0x80,0x4F,0x80,0x40,0x00,0x5F,0xC0,0x48,0x40,0x44,0x80,0x43,0x00,0x9C,0xE0,/*"度",3*/
"℃",0x00,0x00,0x00,0x00,0x40,0x00,0xA7,0x40,0x48,0xC0,0x10,0x40,0x10,0x00,0x10,0x00,0x10,0x00,0x10,0x20,0x08,0x40,0x07,0x80,/*"℃",0*/
"湿",0x80,0x00,0x5F,0xC0,0x10,0x40,0x1F,0xC0,0x90,0x40,0x5F,0xC0,0x05,0x00,0x25,0x20,0x15,0x40,0x45,0x00,0x85,0x00,0x3F,0xE0,/*"湿",0*/
"烟",0x2F,0xE0,0x28,0x20,0x29,0x20,0xB9,0x20,0xAF,0xE0,0xA9,0x20,0xA9,0x20,0x2A,0xA0,0x2C,0x60,0x58,0x20,0x4F,0xE0,0x88,0x20,/*"烟",0*/
"雾",0x7F,0xC0,0x04,0x00,0xFF,0xE0,0xA4,0xA0,0x3F,0x80,0x51,0x00,0x0E,0x00,0x31,0x80,0xC8,0x60,0x3F,0x80,0x10,0x80,0x61,0x80,/*"雾",1*/
"自",0x04,0x00,0x08,0x00,0x7F,0xC0,0x40,0x40,0x40,0x40,0x7F,0xC0,0x40,0x40,0x40,0x40,0x7F,0xC0,0x40,0x40,0x40,0x40,0x7F,0xC0,/*"自",0*/
"动",0x01,0x00,0x71,0x00,0x01,0x00,0x03,0xE0,0xF9,0x20,0x21,0x20,0x41,0x20,0x51,0x20,0x89,0x20,0xFA,0x20,0x02,0x20,0x04,0xC0,/*"动",1*/
"手",0x03,0xC0,0x7C,0x00,0x04,0x00,0x04,0x00,0x7F,0xC0,0x04,0x00,0x04,0x00,0xFF,0xE0,0x04,0x00,0x04,0x00,0x04,0x00,0x1C,0x00,/*"手",2*/
"模",0x22,0x80,0x2F,0xE0,0x22,0x80,0xF7,0xC0,0x24,0x40,0x67,0xC0,0x74,0x40,0xA7,0xC0,0x21,0x00,0x2F,0xE0,0x22,0x80,0x2C,0x60,/*"模",3*/
"式",0x01,0x40,0x01,0x20,0x01,0x00,0xFF,0xE0,0x01,0x00,0x01,0x00,0x7D,0x00,0x11,0x00,0x10,0x80,0x10,0xA0,0x1E,0x60,0xE0,0x20,/*"式",4*/
"天",0x00,0x00,0x7F,0xC0,0x04,0x00,0x04,0x00,0x04,0x00,0xFF,0xE0,0x04,0x00,0x0A,0x00,0x0A,0x00,0x11,0x00,0x20,0x80,0xC0,0x60,/*"天",0*/
"然",0x21,0x40,0x39,0x20,0x49,0x00,0x6F,0xE0,0x91,0x00,0x52,0x80,0x22,0x80,0x44,0x40,0x88,0x20,0x00,0x00,0x52,0x40,0x89,0x20,/*"然",1*/
"气",0x20,0x00,0x3F,0xE0,0x40,0x00,0xBF,0xC0,0x00,0x00,0x7F,0x80,0x00,0x80,0x00,0x80,0x00,0x80,0x00,0xA0,0x00,0x60,0x00,0x20,/*"气",2*/
"排",0x22,0x80,0x22,0x80,0x2E,0xE0,0xF2,0x80,0x22,0x80,0x2E,0xE0,0x32,0x80,0xE2,0x80,0x2E,0xE0,0x22,0x80,0x22,0x80,0x62,0x80,/*"排",0*/
"风",0x00,0x00,0x7F,0x80,0x40,0x80,0x42,0x80,0x62,0x80,0x54,0x80,0x48,0x80,0x48,0x80,0x54,0xA0,0x62,0xA0,0x40,0x60,0x80,0x20,/*"风",0*/
"扇",0x02,0x00,0x7F,0xE0,0x40,0x20,0x7F,0xE0,0x40,0x00,0x7D,0xE0,0x44,0x20,0x54,0xA0,0x4C,0x60,0x54,0xA0,0x65,0x20,0x8C,0x60,/*"扇",1*/
"水",0x04,0x00,0x04,0x00,0x04,0x20,0x76,0x40,0x16,0x80,0x15,0x00,0x15,0x00,0x24,0x80,0x24,0x80,0x44,0x40,0x84,0x20,0x1C,0x00,/*"水",4*/
"泵",0xFF,0xE0,0x10,0x00,0x3F,0xC0,0x60,0x40,0xA0,0x40,0x3F,0xC0,0x04,0x40,0xF6,0x80,0x15,0x00,0x24,0x80,0xC4,0x60,0x0C,0x00,/*"泵",5*/
"无",0x00,0x00,0x7F,0xC0,0x04,0x00,0x04,0x00,0x04,0x00,0xFF,0xE0,0x0A,0x00,0x0A,0x00,0x12,0x00,0x22,0x20,0x42,0x20,0x81,0xE0,/*"无",0*/
"火",0x04,0x00,0x04,0x00,0x24,0x40,0x24,0x40,0x24,0x80,0x44,0x00,0x0A,0x00,0x0A,0x00,0x11,0x00,0x11,0x00,0x20,0x80,0xC0,0x60,/*"火",1*/
"有",0x08,0x00,0x08,0x00,0xFF,0xE0,0x10,0x00,0x3F,0xC0,0x60,0x40,0xBF,0xC0,0x20,0x40,0x3F,0xC0,0x20,0x40,0x20,0x40,0x20,0xC0,/*"有",2*/
"关",0x20,0x80,0x11,0x00,0x00,0x00,0x7F,0xC0,0x04,0x00,0x04,0x00,0xFF,0xE0,0x04,0x00,0x0A,0x00,0x11,0x00,0x20,0x80,0xC0,0x60,/*"关",0*/
"开",0x00,0x00,0x7F,0xC0,0x11,0x00,0x11,0x00,0x11,0x00,0x11,0x00,0xFF,0xE0,0x11,0x00,0x11,0x00,0x21,0x00,0x21,0x00,0x41,0x00,/*"开",1*/
"舵",0x21,0x00,0x70,0x80,0x57,0xE0,0x74,0x20,0x50,0x00,0xF2,0x20,0x52,0x40,0x72,0x80,0x53,0x00,0x52,0x20,0x52,0x20,0xB1,0xE0,/*"舵",0*/
"机",0x20,0x00,0x27,0x80,0x24,0x80,0xF4,0x80,0x24,0x80,0x74,0x80,0x6C,0x80,0xA4,0x80,0x24,0x80,0x24,0xA0,0x28,0xA0,0x30,0x60,/*"机",1*/
#endif
0x00,
};

struct typFNT_GB162
{
       unsigned char Index[2];	
       char Msk[32];
};
//宋体5号
#define hz16_num   20
const struct typFNT_GB162 hz16[] = {
#if USE_ONCHIP_FLASH_FONT
"天",0x00,0x00,0x3F,0xFC,0x01,0x80,0x01,0x80,0x01,0x80,0x01,0x80,0xFF,0xFF,0x01,0x80,0x03,0xC0,0x03,0xC0,0x06,0x60,0x06,0x60,0x0C,0x30,0x18,0x18,0x30,0x0C,0xE0,0x07,/*"天",0*/
"然",0x18,0x30,0x18,0x3C,0x1F,0x36,0x33,0x30,0x3B,0xFF,0x6F,0x30,0xF6,0x78,0x1E,0x78,0x0C,0xCC,0x18,0xCC,0x31,0x86,0x63,0x03,0x00,0x00,0x6C,0xCC,0x66,0x66,0xC6,0x66,/*"然",1*/
"气",0x18,0x00,0x18,0x00,0x3F,0xFE,0x30,0x00,0x6F,0xF8,0xC0,0x00,0x3F,0xF8,0x00,0x18,0x00,0x18,0x00,0x18,0x00,0x18,0x00,0x18,0x00,0x0F,0x00,0x0F,0x00,0x07,0x00,0x03,/*"气",2*/
"自",0x01,0x80,0x03,0x00,0x06,0x00,0x1F,0xF8,0x18,0x18,0x18,0x18,0x18,0x18,0x1F,0xF8,0x18,0x18,0x18,0x18,0x1F,0xF8,0x18,0x18,0x18,0x18,0x18,0x18,0x1F,0xF8,0x18,0x18,/*"自",0*/
"动",0x00,0x60,0x00,0x60,0x7E,0x60,0x00,0x60,0x01,0xFE,0x00,0x66,0xFF,0x66,0x30,0x66,0x30,0x66,0x30,0xC6,0x6C,0xC6,0x66,0xC6,0xFF,0x86,0x67,0x86,0x03,0x3C,0x06,0x18,/*"动",1*/
"手",0x00,0x18,0x00,0xFC,0x3F,0x80,0x01,0x80,0x01,0x80,0x3F,0xFC,0x01,0x80,0x01,0x80,0x01,0x80,0xFF,0xFF,0x01,0x80,0x01,0x80,0x01,0x80,0x01,0x80,0x07,0x80,0x03,0x00,/*"手",2*/
"模",0x19,0x98,0x19,0x98,0x1F,0xFE,0x19,0x98,0xFE,0x00,0x1B,0xFC,0x3B,0x0C,0x3F,0xFC,0x7F,0x0C,0x7B,0xFC,0xD8,0x60,0x1F,0xFE,0x18,0xF0,0x19,0x98,0x1B,0x0C,0x1E,0x07,/*"模",3*/
"式",0x00,0x6C,0x00,0x66,0x00,0x66,0x00,0x60,0xFF,0xFF,0x00,0x60,0x00,0x60,0x3F,0x60,0x0C,0x60,0x0C,0x60,0x0C,0x30,0x0C,0x33,0x0F,0x9B,0x7C,0x0F,0x30,0x07,0x00,0x03,/*"式",4*/
"设",0x00,0x00,0x31,0xF8,0x19,0x98,0x19,0x98,0x01,0x98,0x03,0x0F,0xFE,0x00,0x1B,0xFC,0x19,0x8C,0x19,0x98,0x18,0xD8,0x1E,0xF0,0x1C,0x60,0x18,0xF0,0x03,0x9C,0x0E,0x07,/*"设",0*/
"置",0x7F,0xFE,0x66,0x66,0x7F,0xFE,0x01,0x80,0x7F,0xFE,0x01,0x80,0x1F,0xF8,0x18,0x18,0x1F,0xF8,0x18,0x18,0x1F,0xF8,0x18,0x18,0x1F,0xF8,0x18,0x18,0xFF,0xFF,0x00,0x00,/*"置",1*/
"菜",0x0C,0x30,0x0C,0x30,0xFF,0xFF,0x0C,0x30,0x00,0x18,0x00,0xFC,0x3F,0x80,0x19,0x98,0x0C,0x30,0x01,0x80,0x7F,0xFE,0x07,0xE0,0x0D,0xB0,0x39,0x9C,0xE1,0x87,0x01,0x80,/*"菜",2*/
"单",0x18,0x18,0x0C,0x30,0x06,0x60,0x3F,0xFC,0x31,0x8C,0x31,0x8C,0x3F,0xFC,0x31,0x8C,0x31,0x8C,0x3F,0xFC,0x01,0x80,0x01,0x80,0xFF,0xFF,0x01,0x80,0x01,0x80,0x01,0x80,/*"单",3*/
"温",0x00,0x00,0x33,0xFC,0x1B,0x0C,0x1B,0x0C,0xC3,0xFC,0x63,0x0C,0x63,0x0C,0x1B,0xFC,0x18,0x00,0x37,0xFE,0xF6,0xF6,0x36,0xF6,0x36,0xF6,0x36,0xF6,0x3F,0xFF,0x00,0x00,/*"温",2*/
"度",0x01,0x80,0x00,0xC0,0x3F,0xFF,0x33,0x30,0x33,0x30,0x3F,0xFE,0x33,0x30,0x33,0x30,0x33,0xF0,0x30,0x00,0x3F,0xF8,0x36,0x18,0x63,0x30,0x61,0xE0,0xC7,0x38,0x3C,0x0F,/*"度",3*/
"主",0x03,0x00,0x01,0x80,0x00,0x00,0x7F,0xFE,0x01,0x80,0x01,0x80,0x01,0x80,0x01,0x80,0x3F,0xFC,0x01,0x80,0x01,0x80,0x01,0x80,0x01,0x80,0x01,0x80,0xFF,0xFF,0x00,0x00,/*"主",0*/
"湿",0x00,0x00,0x37,0xFC,0x1E,0x0C,0x1E,0x0C,0xC7,0xFC,0x66,0x0C,0x66,0x0C,0x1F,0xFC,0x19,0xB0,0x31,0xB0,0xFD,0xB6,0x37,0xBC,0x33,0xB8,0x31,0xB0,0x3F,0xFF,0x00,0x00,/*"湿",0*/
"烟",0x18,0x00,0x1B,0xFF,0x1B,0x03,0x1F,0x33,0x7F,0x33,0x7B,0x33,0x7B,0xFF,0xDB,0x33,0x1B,0x33,0x1B,0x7B,0x1B,0x6F,0x3F,0xCF,0x37,0x83,0x63,0x03,0x63,0xFF,0xC3,0x03,/*"烟",0*/
"雾",0x3F,0xFC,0x01,0x80,0x7F,0xFF,0x61,0x83,0xDF,0xFE,0x01,0x80,0x1F,0xF8,0x06,0x00,0x0F,0xF0,0x1E,0x60,0x03,0xC0,0x1E,0x78,0xF3,0x0F,0x0F,0xF0,0x06,0x30,0x1C,0x70,/*"雾",1*/
"选",0x00,0x60,0x33,0x60,0x1B,0x60,0x1B,0xFC,0x06,0x60,0x00,0x60,0xFF,0xFE,0x19,0xB0,0x19,0xB0,0x19,0xB0,0x1B,0x36,0x1B,0x36,0x1E,0x1E,0x3C,0x00,0x67,0xFF,0x00,0x00,/*"选",5*/
"择",0x30,0x00,0x37,0xFC,0x33,0x0C,0x31,0x98,0xF8,0xF0,0x30,0x60,0x31,0xF8,0x37,0x6F,0x38,0x60,0xF3,0xFC,0x30,0x60,0x30,0x60,0x37,0xFE,0x30,0x60,0xF0,0x60,0x60,0x60,/*"择",6*/
#endif
0x00,
};

struct typFNT_GB242
{
       unsigned char Index[2];	
       char Msk[72];
};

#define hz24_num   1
const struct typFNT_GB242 hz24[] = 
{
//#if USE_ONCHIP_FLASH_FONT
//"纯",0x00,0x00,0x00,0x00,0x00,0x00,0x02,0x01,0x00,0x06,0x3F,0xC0,0x0C,0x3F,0xE0,0x18,0x03,0x00,0x10,0x02,0x00,0x33,0x36,0x60,0x37,0x26,0x20,0x3E,0x66,0x30,0x1C,0x64,0x30,0x18,0x64,0x20,0x31,0xFE,0xE0,0x3F,0x1F,0xC0,0x1C,0x0C,0x00,0x00,0x0C,0x00,0x07,0x04,0x00,0x3E,0x07,0xF0,0x00,0x01,0xC0,0x00,0x00,0x00,0x00,0x00,0x00,0x00,0x00,0x00,0x00,0x00,0x00,0x00,0x00,0x00,
//"色",0x00,0x00,0x00,0x00,0x00,0x00,0x01,0xFE,0x00,0x03,0xE3,0x00,0x07,0x03,0x00,0x0C,0x03,0x00,0x1C,0x3F,0x00,0x3B,0xFF,0xC0,0x3F,0x30,0x60,0x0C,0x30,0x20,0x0C,0x30,0x20,0x0C,0x10,0x20,0x0C,0x10,0x60,0x0F,0xFF,0xC0,0x08,0x3F,0x00,0x08,0x00,0x00,0x08,0x00,0x60,0x0E,0x3F,0xE0,0x07,0xFC,0x00,0x00,0x00,0x00,0x00,0x00,0x00,0x00,0x00,0x00,0x00,0x00,0x00,0x00,0x00,0x00,
//"填",0x00,0x00,0x00,0x00,0x00,0x00,0x00,0x03,0x00,0x00,0xFF,0xE0,0x0C,0x07,0xF0,0x0C,0x06,0x00,0x0C,0xFF,0x80,0x3F,0xF0,0xE0,0x1F,0xC0,0x60,0x0C,0xFE,0x30,0x0C,0xCC,0x30,0x04,0xF8,0x30,0x04,0xFF,0x20,0x04,0xC0,0x20,0x1F,0xFE,0x60,0x3E,0xC0,0x60,0x01,0xFF,0xF0,0x01,0xFF,0xF0,0x00,0x60,0x60,0x00,0x40,0x00,0x00,0x00,0x00,0x00,0x00,0x00,0x00,0x00,0x00,0x00,0x00,0x00,
//"充",0x00,0x00,0x00,0x00,0x00,0x00,0x00,0x20,0x00,0x00,0x30,0x00,0x07,0xFF,0xF0,0x3F,0xFF,0xE0,0x03,0x00,0x00,0x06,0x01,0x80,0x0C,0x01,0x80,0x08,0x01,0xC0,0x18,0x07,0xE0,0x0F,0xFE,0x70,0x07,0xE0,0x00,0x02,0x06,0x00,0x06,0x04,0x00,0x04,0x04,0x00,0x04,0x04,0x00,0x0C,0x06,0x70,0x0C,0x07,0xE0,0x00,0x00,0x00,0x00,0x00,0x00,0x00,0x00,0x00,0x00,0x00,0x00,0x00,0x00,0x00,
//"测",0x00,0x00,0x00,0x00,0x00,0x00,0x00,0x00,0x30,0x39,0xFC,0x30,0x1F,0xCC,0x30,0x07,0x06,0xB0,0x0F,0x06,0xF0,0x19,0x07,0xB0,0x31,0x37,0xB0,0x31,0x36,0xF0,0x1F,0x27,0xF0,0x01,0x67,0xF0,0x01,0xE5,0xF0,0x01,0xE1,0xF0,0x00,0x41,0xF0,0x0C,0xF8,0xB0,0x3C,0xD8,0x30,0x00,0x8C,0x30,0x00,0x80,0x30,0x00,0x00,0x00,0x00,0x00,0x00,0x00,0x00,0x00,0x00,0x00,0x00,0x00,0x00,0x00,
//"试",0x00,0x00,0x00,0x00,0x00,0x00,0x08,0x03,0x60,0x0C,0x03,0x70,0x0C,0x03,0x30,0x00,0x3F,0xE0,0x00,0x3F,0x80,0x08,0x01,0x00,0x3C,0x01,0x80,0x04,0x7F,0x80,0x04,0x7D,0x80,0x0C,0x00,0x80,0x0C,0x10,0xC0,0x0C,0x10,0xC0,0x0C,0x18,0x40,0x0C,0x1C,0x60,0x0F,0x7E,0x60,0x06,0x70,0x30,0x00,0x00,0x30,0x00,0x00,0x00,0x00,0x00,0x00,0x00,0x00,0x00,0x00,0x00,0x00,0x00,0x00,0x00,
//"文",0x00,0x00,0x00,0x00,0xC0,0x00,0x00,0xE0,0x00,0x00,0x70,0x00,0x01,0xFF,0xE0,0x1F,0xFF,0xC0,0x18,0x01,0x00,0x00,0x03,0x00,0x00,0x06,0x00,0x00,0x0E,0x00,0x00,0x1C,0x00,0x0E,0x18,0x00,0x07,0x30,0x00,0x01,0xE0,0x00,0x00,0xF0,0x00,0x00,0xFC,0x00,0x01,0x8F,0x00,0x03,0x03,0xC0,0x02,0x01,0xE0,0x00,0x00,0x00,0x00,0x00,0x00,0x00,0x00,0x00,0x00,0x00,0x00,0x00,0x00,0x00,
//"字",0x00,0x00,0x00,0x00,0x00,0x00,0x00,0x20,0x00,0x00,0x3F,0x00,0x31,0xFF,0xE0,0x3F,0xC0,0x20,0x38,0x00,0x30,0x30,0xFE,0x20,0x33,0xC6,0x60,0x10,0x02,0x00,0x00,0x0C,0x00,0x00,0x18,0x00,0x00,0x18,0x00,0x00,0x0C,0x00,0x07,0xFF,0xE0,0x3F,0xFF,0xE0,0x00,0x04,0x00,0x00,0x0C,0x00,0x00,0x0C,0x00,0x00,0x00,0x00,0x00,0x00,0x00,0x00,0x00,0x00,0x00,0x00,0x00,0x00,0x00,0x00,
//"显",0x00,0x00,0x00,0x00,0x00,0x00,0x07,0xFF,0x00,0x0F,0x03,0xC0,0x0C,0x00,0x40,0x1F,0xF8,0x60,0x18,0x00,0x60,0x08,0x00,0x40,0x0E,0x01,0xC0,0x07,0xFF,0x00,0x00,0x00,0x00,0x01,0x84,0x00,0x01,0x84,0x00,0x19,0x87,0x80,0x0F,0x8C,0xE0,0x07,0x8C,0x20,0x00,0xCC,0x00,0x03,0xFF,0xE0,0x1F,0xFF,0xC0,0x00,0x00,0x00,0x00,0x00,0x00,0x00,0x00,0x00,0x00,0x00,0x00,0x00,0x00,0x00,
//"示",0x00,0x00,0x00,0x00,0x00,0x00,0x0E,0x00,0x00,0x1F,0xFF,0xC0,0x00,0x7F,0xE0,0x00,0x00,0x00,0x00,0x00,0x00,0x00,0x00,0x00,0x00,0x00,0x00,0x00,0x3F,0xC0,0x3F,0xFF,0xE0,0x00,0x30,0x00,0x00,0x30,0x00,0x00,0x30,0x00,0x06,0x13,0x00,0x0C,0x13,0xC0,0x0C,0x18,0xF0,0x18,0x18,0x00,0x18,0x18,0x00,0x00,0x00,0x00,0x00,0x00,0x00,0x00,0x00,0x00,0x00,0x00,0x00,0x00,0x00,0x00,
//"图",0x00,0x00,0x00,0x00,0x00,0x00,0x07,0xFF,0x00,0x0F,0x03,0x80,0x1C,0xC0,0xC0,0x19,0xFC,0x60,0x11,0xC6,0x60,0x33,0x06,0x20,0x33,0xE6,0x30,0x36,0xFF,0x30,0x30,0x1F,0xF0,0x30,0x70,0x30,0x30,0xFC,0x30,0x33,0x9F,0x30,0x36,0x00,0x20,0x10,0xE0,0x60,0x18,0x7C,0x40,0x0E,0x01,0xC0,0x03,0xFF,0x00,0x00,0x38,0x00,0x00,0x00,0x00,0x00,0x00,0x00,0x00,0x00,0x00,0x00,0x00,0x00,
//"片",0x00,0x00,0x00,0x00,0x00,0x00,0x08,0x18,0x00,0x18,0x08,0x00,0x18,0x08,0x00,0x18,0x08,0x00,0x18,0x0C,0x20,0x1F,0xFF,0xF0,0x1F,0xF8,0x00,0x18,0x00,0x00,0x10,0x00,0x00,0x10,0xF8,0x00,0x1F,0xFE,0x00,0x1E,0x03,0x00,0x10,0x03,0x00,0x10,0x03,0x00,0x10,0x03,0x00,0x10,0x03,0x00,0x18,0x02,0x00,0x00,0x00,0x00,0x00,0x00,0x00,0x00,0x00,0x00,0x00,0x00,0x00,0x00,0x00,0x00,
//"显",0x00,0x00,0x00,0x00,0x00,0x00,0x07,0xFF,0x00,0x0F,0x03,0xC0,0x0C,0x00,0x40,0x1F,0xF8,0x60,0x18,0x00,0x60,0x08,0x00,0x40,0x0E,0x01,0xC0,0x07,0xFF,0x00,0x00,0x00,0x00,0x01,0x84,0x00,0x01,0x84,0x00,0x19,0x87,0x80,0x0F,0x8C,0xE0,0x07,0x8C,0x20,0x00,0xCC,0x00,0x03,0xFF,0xE0,0x1F,0xFF,0xC0,0x00,0x00,0x00,0x00,0x00,0x00,0x00,0x00,0x00,0x00,0x00,0x00,0x00,0x00,0x00,
//"示",0x00,0x00,0x00,0x00,0x00,0x00,0x0E,0x00,0x00,0x1F,0xFF,0xC0,0x00,0x7F,0xE0,0x00,0x00,0x00,0x00,0x00,0x00,0x00,0x00,0x00,0x00,0x00,0x00,0x00,0x3F,0xC0,0x3F,0xFF,0xE0,0x00,0x30,0x00,0x00,0x30,0x00,0x00,0x30,0x00,0x06,0x13,0x00,0x0C,0x13,0xC0,0x0C,0x18,0xF0,0x18,0x18,0x00,0x18,0x18,0x00,0x00,0x00,0x00,0x00,0x00,0x00,0x00,0x00,0x00,0x00,0x00,0x00,0x00,0x00,0x00,
//"触",0x00,0x00,0x00,0x00,0x00,0x00,0x06,0x01,0x80,0x0F,0xC1,0x80,0x1E,0x61,0x80,0x30,0x4F,0xC0,0x20,0xCF,0xE0,0x07,0x8D,0x30,0x3F,0xC9,0x30,0x33,0x79,0x30,0x33,0x79,0x30,0x3F,0xFB,0x30,0x37,0xFF,0x20,0x32,0x67,0xE0,0x3F,0xE3,0x80,0x3F,0xE3,0xC0,0x32,0x63,0x60,0x32,0x67,0xF0,0x30,0x4F,0xB0,0x00,0x00,0x00,0x00,0x00,0x00,0x00,0x00,0x00,0x00,0x00,0x00,0x00,0x00,0x00,
//"摸",0x00,0x00,0x00,0x00,0x00,0x00,0x00,0x30,0xC0,0x00,0xFF,0xF0,0x0C,0x79,0xC0,0x0C,0x1F,0x80,0x0C,0x7F,0xE0,0x3F,0xE0,0x60,0x0C,0xC0,0x30,0x0C,0xFC,0x30,0x04,0xC0,0x30,0x07,0xC0,0x30,0x1E,0x60,0x60,0x3C,0x3F,0xC0,0x04,0x1C,0x00,0x04,0x7F,0xE0,0x00,0xFF,0xE0,0x00,0x30,0xC0,0x00,0x60,0x60,0x00,0x00,0x00,0x00,0x00,0x00,0x00,0x00,0x00,0x00,0x00,0x00,0x00,0x00,0x00,
//"输",0x00,0x00,0x00,0x00,0x00,0x00,0x0C,0x03,0x80,0x0C,0x0F,0xC0,0x08,0x1C,0x70,0x3F,0x70,0x00,0x1F,0x9F,0xC0,0x10,0x1F,0xC0,0x10,0x00,0x00,0x36,0x7C,0x30,0x17,0xE6,0x30,0x1F,0xE3,0xB0,0x06,0x7F,0xB0,0x02,0x77,0xF0,0x07,0xE3,0xF0,0x3F,0x7F,0xF0,0x13,0x36,0xF0,0x03,0x26,0x30,0x03,0x26,0x30,0x00,0x00,0x00,0x00,0x00,0x00,0x00,0x00,0x00,0x00,0x00,0x00,0x00,0x00,0x00,
//"入",0x00,0x00,0x00,0x00,0x00,0x00,0x06,0x00,0x00,0x03,0x80,0x00,0x01,0xC0,0x00,0x00,0xE0,0x00,0x00,0x70,0x00,0x00,0x78,0x00,0x00,0xCC,0x00,0x00,0xC6,0x00,0x01,0x83,0x00,0x03,0x01,0x80,0x07,0x00,0xC0,0x06,0x00,0xE0,0x0C,0x00,0x70,0x18,0x00,0x30,0x18,0x00,0x00,0x30,0x00,0x00,0x00,0x00,0x00,0x00,0x00,0x00,0x00,0x00,0x00,0x00,0x00,0x00,0x00,0x00,0x00,0x00,0x00,0x00,
//#endif
0x00,
};
